Date,Open,High,Low,Close,Quantity,PERatio
20101214,33.00,33.15,32.55,32.70,10613659,15.21
20101215,32.70,33.00,32.40,33.00,6890080,15.35
20101216,33.00,33.00,32.50,32.70,8840796,15.21
20101217,32.60,33.05,32.60,33.00,7757403,15.35
20101220,32.95,32.95,32.45,32.65,5773504,15.19
20101221,32.65,32.80,32.45,32.80,4758624,15.26
20101222,32.85,32.95,32.60,32.80,5757242,15.26
20101223,32.80,33.75,32.65,33.40,17393851,15.53
20101224,32.85,33.00,32.65,32.75,19078347,15.23
20101227,32.50,32.70,32.15,32.40,14742445,15.07
20101228,32.40,32.45,32.10,32.25,7479614,15.00
20101229,32.25,32.45,32.00,32.45,8461511,15.09
20101230,32.25,32.60,32.25,32.45,8724348,15.09
20101231,32.50,32.90,32.35,32.80,12603384,15.26
20110103,32.95,33.4,32.8,33.4,17962811,15.53
20110104,33.60,33.65,33.00,33.15,10168829,15.42
20110105,33.50,33.60,32.25,32.40,17142308,15.07
20110106,32.50,32.60,32.15,32.40,7436026,15.07
20110107,32.20,32.50,32.00,32.10,9802416,14.93
20110110,32.20,32.45,32.05,32.45,8911315,15.09
20110111,32.50,32.75,32.15,32.70,9330674,15.21
20110112,33.00,33.20,32.70,32.90,14908900,15.30
20110113,33.00,33.20,32.60,32.85,11982350,15.28
20110114,32.80,32.90,32.55,32.75,10458451,15.23
20110117,32.20,32.50,31.60,31.70,17558839,14.74
20110118,31.50,31.50,31.05,31.35,14104801,14.58
20110119,31.35,31.90,31.20,31.75,16822915,14.77
20110120,31.75,31.80,31.50,31.55,7638702,14.67
20110121,31.30,31.70,31.10,31.70,9728554,14.74
20110620,40.90,41.45,40.10,40.25,10058824,17.65
20110621,40.45,40.80,39.90,40.00,13702991,17.54
20110622,40.20,40.45,39.60,40.00,16103037,17.54
20110623,40.00,40.85,39.80,39.90,18859624,17.50
20110624,40.05,40.45,39.35,39.50,19346315,17.32
20110627,39.40,40.45,39.35,40.15,17617006,17.61
20110628,40.70,42.00,40.40,40.80,31616438,17.89
20110629,41.50,42.20,41.00,42.15,26094827,18.49
20110630,42.10,42.80,42.10,42.80,18280958,18.77
20110701,43.00,44.60,42.95,44.40,25900454,19.47
20110704,44.60,44.85,43.75,44.80,16486363,19.65
20110705,44.80,45.60,44.45,45.45,14714210,19.93
20110706,45.15,45.50,44.80,45.25,14383954,19.85
20110707,44.75,46.15,44.75,45.95,16210839,20.15
20110708,46.40,46.40,45.30,45.40,14153681,19.91
20110711,45.55,45.55,44.85,45.20,12202173,19.82
20110712,45.00,45.05,43.10,43.30,26139699,18.99
20110713,43.10,45.00,42.75,44.70,21957874,19.61
20110714,44.80,45.95,44.00,45.50,23912631,19.96
20110715,45.50,45.80,45.00,45.55,9220907,19.98
20110718,45.30,45.75,44.90,45.45,14112432,19.93
20110719,45.45,45.45,44.25,44.60,10378035,19.56
20110720,44.80,45.30,44.75,45.25,11097948,19.85
20110721,45.50,46.35,45.45,46.30,9916289,20.31
20110722,46.40,49.45,46.40,48.40,23309339,21.23
20110725,48.50,48.50,47.80,48.30,18907929,21.18
20110726,46.60,46.70,44.30,45.95,27023001,20.15
20110727,45.00,45.50,44.00,44.65,33696818,19.58
20110728,44.00,45.45,43.80,45.45,15873895,19.93
20110729,45.80,46.50,45.55,45.60,20176856,20.00
20110801,46.00,46.50,45.45,46.00,12415549,20.18
20110802,46.10,47.30,46.00,47.00,14177795,20.61
20110803,46.20,46.45,45.40,45.75,13393859,20.07
20110804,46.30,46.30,44.80,44.85,8358400,19.67
20110805,42.00,43.80,41.90,43.10,25328525,18.90
20110808,43.00,43.60,40.30,42.00,30750917,18.42
20110809,40.10,44.30,40.10,43.15,35775032,18.93
20110810,45.00,46.15,44.10,45.55,33883260,19.98
20110811,44.55,46.45,43.55,44.25,30242084,19.41
20110812,44.50,44.85,42.65,42.65,23244554,18.71
20110815,43.00,44.70,43.00,43.95,11356266,19.28
20110816,44.70,45.30,44.10,45.25,19729792,19.85
20110817,45.50,45.50,44.30,44.65,17175576,19.58
20110818,45.00,45.20,44.15,45.15,17436251,19.80
20110819,44.00,44.00,42.00,42.00,29628805,18.42
20110822,41.00,41.90,39.10,39.10,34525937,17.15
20110823,39.10,40.20,38.30,40.20,19903423,17.63
20110824,40.20,40.20,37.85,38.35,30423961,16.82
20110825,38.50,38.85,35.75,36.45,53017252,15.99
20110826,36.80,37.30,34.10,35.25,43692993,15.46
20110829,35.70,37.35,35.35,37.35,19498857,16.38
20110830,37.55,38.40,36.60,37.95,20526417,16.64
20110831,37.30,38.85,37.30,38.75,16702638,15.5
20110901,39.70,40.25,39.25,40.00,24111910,16.0
20110902,40.00,40.00,38.50,39.15,13918956,15.66
20110905,39.00,39.30,38.40,38.95,13817444,15.58
20110906,38.50,38.55,36.25,36.25,33722028,14.5
20110907,35.80,36.50,34.25,35.25,43107626,14.1
20110908,35.80,37.05,35.50,36.65,27578730,14.66
20110909,36.65,37.60,36.45,37.50,15607800,15.0
20110913,36.50,36.50,34.90,34.90,26002880,13.96
20110914,35.10,35.50,32.80,33.30,39863733,13.32
20110915,34.50,34.50,33.30,33.70,23182178,13.48
20110916,34.50,36.05,34.35,35.25,25586750,14.1
20110919,35.25,35.45,34.50,34.95,10876272,13.98
20110920,34.95,35.30,33.50,34.20,18647945,13.68
20110921,34.20,34.40,33.50,34.30,18299573,13.72
20110922,33.50,33.50,32.20,32.25,26398590,12.9
20110923,30.60,30.90,30.00,30.35,48718052,12.14
20110926,30.35,30.45,29.00,29.25,28521846,11.7
20110927,30.25,31.25,30.20,31.25,25384975,12.5
20110928,32.30,32.65,31.75,32.00,22708270,12.8
20110929,31.80,33.50,31.35,32.70,17935350,13.08
20110930,33.50,33.90,32.75,32.90,15047057,13.16
20111003,32.40,32.40,31.00,31.00,24739522,12.4
20111004,30.00,31.95,29.90,31.90,25422633,12.76
20111005,32.20,32.30,31.20,31.65,10688725,12.66
20111006,32.75,33.40,32.60,33.15,20100740,13.26
20111007,34.10,35.20,33.60,34.80,30095988,13.92
20111011,36.20,36.70,35.70,36.70,23804779,14.68
20111012,35.75,36.95,35.25,36.55,16213960,14.62
20111013,36.55,37.20,35.15,36.10,19182642,14.44
20111014,35.90,35.90,34.65,34.65,20512890,13.86
20111017,35.05,35.95,34.75,35.50,13715853,14.2
20111018,34.90,35.15,34.55,34.85,10216401,13.94
20111019,35.20,35.30,34.30,34.75,10227639,13.9
20111020,35.00,35.40,34.40,34.50,13048369,13.8
20111021,34.65,35.25,34.40,34.70,8934287,13.88
20111024,35.80,36.15,35.40,36.10,17221962,14.44
20111025,36.45,36.45,35.65,36.00,8741045,14.4
20111026,35.35,36.45,35.35,36.45,15949826,14.58
20111027,36.50,38.75,36.10,38.25,48684052,15.30
20111028,39.05,39.30,37.50,37.85,30409437,15.14
20111031,37.95,38.15,37.50,37.85,12492613,15.14
20111101,37.85,37.85,36.85,37.00,21607700,14.74
20111102,36.10,36.50,35.40,36.35,23607370,14.48
20111103,36.50,36.50,35.50,35.80,15757420,14.26
20111104,36.50,37.35,36.50,37.20,23171886,14.82
20111107,37.30,38.00,37.10,37.75,12551702,15.04
20111108,37.70,38.05,36.70,36.75,12795236,14.64
20111109,36.85,37.40,36.85,36.85,10229107,14.68
20111110,36.00,36.00,34.95,35.30,27952105,14.06
20111111,35.80,35.90,35.10,35.40,14973550,14.10
20111114,36.30,36.35,35.80,35.90,9167296,14.30
20111115,35.60,36.25,35.50,36.25,5228756,14.44
20111116,36.35,36.45,34.85,34.95,13537146,13.92
20111117,34.00,34.20,33.50,33.70,22140177,13.43
20111118,33.00,33.40,32.90,33.00,26340836,13.15
20111121,32.60,32.60,31.40,31.40,24662325,12.51
20111122,31.40,32.60,31.00,32.45,17645787,12.93
20111123,32.55,32.70,31.70,31.75,11432020,12.65
20111124,31.80,32.80,31.75,32.70,13825076,13.03
20111125,33.10,33.30,31.70,32.10,13328714,12.79
20111128,32.50,33.05,32.50,32.70,8937339,13.03
20111129,33.20,33.50,32.80,33.40,8591780,13.31
20111130,33.20,33.20,32.00,32.55,16473133,12.97
20111201,34.00,34.80,33.50,34.50,19708842,13.75
20111202,34.50,34.75,33.80,34.75,10690764,13.84
20111205,34.85,35.15,34.60,35.00,7654840,13.94
20111206,35.10,35.60,34.20,34.85,11572404,13.88
20111207,35.50,35.50,35.10,35.50,9910233,14.14
20111208,34.80,35.20,33.80,34.60,10496638,13.78
20111209,34.00,34.00,32.20,33.00,17976723,13.15
20111212,33.50,33.55,32.60,33.50,12892783,13.35
20111213,32.80,33.40,32.65,33.25,8891243,13.25
20111214,32.65,33.10,32.35,32.70,13887168,13.03
20111215,32.55,32.60,31.85,32.40,11837196,12.91
20111216,33.00,33.45,32.40,33.00,9002444,13.15
20111219,33.30,33.40,31.95,32.80,12568726,13.07
20111220,32.80,33.20,32.30,33.00,12756838,13.15
20111221,34.35,35.10,34.00,35.00,15992578,13.94
20111222,35.10,35.10,33.85,35.00,17258726,13.94
20111223,35.40,35.50,34.85,35.00,15414231,13.94
20111226,35.00,35.25,34.65,34.95,8245003,13.92
20111227,34.65,35.10,34.50,35.00,7012907,13.94
20111228,34.90,35.05,34.65,34.95,6157926,13.92
20111229,34.70,35.00,34.50,35.00,4839383,13.94
20111230,35.00,35.25,34.80,35.00,7643101,13.94
20120102,35.00,35.05,34.60,34.70,7028883,13.82
20120103,34.95,35.40,34.90,35.40,13231764,14.10
20120104,35.80,35.80,35.45,35.60,7270291,14.18
20120105,35.80,35.80,35.00,35.60,15263996,14.18
20120106,35.60,35.65,34.95,34.95,16463826,13.92
20120709,35.80,36.40,35.80,36.30,6223631,15.32
20120710,36.10,36.25,35.75,36.00,7577871,15.19
20120711,35.55,36.90,35.55,36.90,14409293,15.57
20120712,36.90,36.90,36.10,36.20,6252890,15.27
20120713,36.20,36.60,36.15,36.25,7976263,15.3
20120716,36.25,36.40,36.00,36.25,5997584,15.3
20120717,35.90,36.40,35.90,36.25,8680505,15.3
20120718,36.00,36.25,35.85,36.05,7248828,15.21
20120719,36.45,36.90,36.10,36.85,10420509,15.55
20120720,36.90,37.00,36.60,37.00,6998471,15.61
20120723,36.90,36.90,36.20,36.40,4741121,15.36
20120724,36.05,36.25,36.00,36.15,7365714,15.25
20120725,35.60,36.00,35.35,35.40,15527387,14.94
20120726,33.70,34.00,33.65,33.65,7169848,14.2
20120727,34.10,34.85,34.05,34.85,7962338,14.7
20120730,35.00,35.30,34.85,35.10,8597089,14.81
20120731,35.00,35.20,34.85,34.90,6521071,14.73
20120801,35.00,35.75,34.85,35.75,7731076,15.08
20120803,35.80,35.90,35.50,35.80,4694182,15.11
20120806,36.00,36.45,35.65,35.70,8124215,15.06
20120807,35.20,35.85,35.20,35.70,5833302,15.06
20120808,35.70,36.00,35.30,35.50,7937031,14.98
20120809,35.70,35.90,35.45,35.80,11170498,15.11
20120810,36.00,36.20,35.80,35.80,12924915,15.11
20120813,36.45,36.45,35.80,36.00,9120586,15.19
20120814,36.00,36.25,35.25,35.30,6850774,14.89
20120815,35.50,35.60,34.90,35.40,6732773,14.94
20120816,35.60,35.60,34.95,35.00,8931565,14.77
20120817,34.85,35.00,34.40,34.80,9586055,14.68
20120820,34.80,34.80,34.20,34.35,5046684,14.49
20120821,34.70,34.85,34.30,34.45,7118392,14.54
20120822,34.10,34.20,33.90,34.15,7051567,14.41
20120823,33.90,34.20,33.90,34.00,5637682,14.35
20120824,34.00,34.05,33.85,33.90,5049425,14.3
20120827,33.90,34.20,33.80,33.85,3117807,14.28
20120828,33.70,33.80,33.45,33.45,5039017,14.11
20120829,33.50,33.55,33.00,33.05,8847661,13.95
20120830,33.10,33.15,32.50,32.60,11096669,13.76
20120831,32.60,32.80,32.45,32.55,6808672,13.73
20120903,32.50,32.90,32.35,32.55,5443407,13.73
20120904,32.70,33.20,32.50,33.05,12114752,14.37
20120905,33.00,33.00,32.50,32.55,8299058,14.15
20120906,32.70,32.75,32.45,32.50,4641061,14.13
20120907,32.90,34.15,32.45,33.75,25045390,14.67
20120910,33.90,35.60,33.85,35.10,34066706,15.26
20120911,35.20,35.30,34.60,34.90,7388344,15.17
20120912,35.10,35.50,35.00,35.15,10710936,15.28
20120913,35.30,35.45,35.15,35.40,5727118,15.39
20120914,35.75,36.95,35.75,36.70,24895322,15.96
20120917,37.00,37.00,36.55,36.70,9908834,15.96
20120918,36.70,36.70,35.75,35.90,9515210,15.61
20120919,35.60,36.00,35.45,35.95,10296459,15.63
20120920,35.80,36.00,35.25,35.25,10997218,15.33
20120921,35.70,35.95,35.40,35.90,9411219,15.61
20120924,35.90,36.45,35.40,36.30,6132763,15.78
20120925,36.20,36.30,35.75,36.00,7628620,15.65
20120926,35.80,35.90,35.60,35.80,3267192,15.57
20120927,36.00,36.10,35.60,36.05,7385881,15.67
20120928,36.10,36.40,35.65,36.30,9051757,15.78
20121001,36.30,36.50,35.90,35.95,6189179,15.63
20121002,36.00,36.05,35.65,35.75,6129453,15.54
20121003,35.80,35.90,35.55,35.60,2234146,15.48
20121004,35.80,36.20,35.35,36.20,6375079,15.74
20121005,36.20,36.30,36.00,36.30,6007692,15.78
20121008,36.60,37.00,36.15,36.30,12033903,15.78
20121009,36.50,36.90,36.50,36.70,11084990,15.96
20121011,36.20,36.55,35.85,35.95,7548744,15.63
20121012,36.20,36.20,34.85,35.40,8192935,15.39
20121015,35.20,36.20,35.20,36.20,8757974,15.74
20121016,36.30,36.70,36.00,36.65,10624664,15.93
20121017,36.80,36.90,36.60,36.90,9181447,16.04
20121018,36.90,36.90,36.65,36.80,6101237,16.0
20121019,37.00,37.80,37.00,37.60,31210140,16.35
20121022,37.30,37.80,37.15,37.80,11076636,16.43
20121023,37.90,37.90,37.35,37.60,7883581,16.35
20121024,37.40,37.90,37.05,37.65,12304025,16.37
20121025,37.65,38.05,37.40,37.95,12949517,16.5
20121026,38.00,38.00,36.40,36.45,11437763,15.85
20121029,36.45,37.15,36.40,36.95,5780901,16.07
20121030,37.30,38.05,37.25,37.40,11286495,16.26
20121031,37.75,37.80,37.20,37.45,5217197,16.28
20121101,37.00,37.15,36.30,36.60,8491812,15.91
20121102,37.40,37.90,36.70,37.35,12344320,17.21
20121105,37.35,38.35,37.30,38.10,17054647,17.56
20121106,38.50,38.50,37.85,38.35,12152844,17.67
20121107,38.55,38.65,38.25,38.50,11660751,17.74
20121108,38.50,38.50,37.65,38.00,7762059,17.51
20121109,37.90,37.90,37.35,37.65,7916607,17.35
20121112,37.65,38.00,37.55,37.65,4125198,17.35
20121113,38.00,38.00,36.80,36.95,8388642,17.03
20121114,37.35,37.35,36.25,36.80,9737492,16.96
20121115,36.65,36.70,36.10,36.35,5123226,16.75
20121116,36.35,36.90,36.30,36.40,3968163,16.77
20121119,36.40,36.75,36.20,36.60,4915313,16.87
20121120,36.80,37.00,36.55,36.80,5881143,16.96
20121121,37.00,37.10,36.60,36.80,4975232,16.96
20121122,36.80,37.00,35.90,36.15,7487216,16.66
20121123,36.20,36.80,36.10,36.80,9921846,16.96
20121126,37.00,37.15,36.40,36.80,9035182,16.96
20121127,36.40,36.70,36.25,36.40,9152473,16.77
20121128,36.40,36.50,35.80,36.00,11294951,16.59
20121129,36.20,37.40,36.15,37.30,17915900,17.19
20121130,37.45,38.05,37.35,38.05,18374139,17.53
20121203,38.20,38.30,37.75,38.00,6588536,17.51
20121204,37.70,37.70,37.30,37.70,6881361,17.37
20121205,37.70,38.25,37.40,38.20,10650752,17.6
20121206,38.20,38.20,37.70,37.90,7822779,17.47
20121207,38.20,39.75,38.15,39.40,25472120,18.16
20121210,39.35,39.65,38.70,39.00,12611113,17.97
20121211,38.70,39.05,38.25,38.90,12621732,17.93
20121212,39.50,39.65,38.70,39.00,12212486,17.97
20121213,39.00,39.10,38.75,39.05,7773351,18.0
20121214,39.00,39.20,38.90,39.05,6775543,18.0
20121217,39.00,39.15,38.80,38.85,4500603,17.9
20121218,38.90,39.00,37.80,38.75,8464024,17.86
20121219,38.85,38.90,38.25,38.50,7670556,17.74
20121220,38.60,38.90,38.30,38.50,7310583,17.74
20121221,38.50,38.50,37.30,37.50,10211037,17.28
20121224,36.95,37.50,36.85,37.50,4695706,17.28
20121225,37.50,38.20,37.35,38.00,4650255,17.51
20121226,38.00,38.90,38.00,38.70,8237451,17.83
20121227,38.75,38.95,38.25,38.85,6232931,17.9
20121228,39.00,39.00,38.55,38.90,4811175,17.93
20130102,38.95,39.10,38.65,39.00,6374614,17.97
20130103,39.50,39.50,38.75,38.85,9710784,17.9
20130104,39.40,39.45,38.60,39.00,8682170,17.97
20130107,39.10,39.10,38.65,38.90,5067416,17.93
20130108,38.90,39.10,38.20,38.50,6454905,17.74
20130109,38.80,39.00,38.50,38.55,5776333,17.76
20130110,39.00,39.65,38.80,39.65,15592427,18.27
20130111,39.65,39.95,39.40,39.65,7716292,18.27
20130114,39.20,39.50,38.20,39.50,11525113,18.2
20130115,39.40,39.40,38.75,39.00,6009521,17.97
20130116,39.30,39.30,38.65,38.95,4870378,17.95
20130117,39.20,39.20,37.50,37.80,9392585,17.42
20130118,38.50,39.00,38.00,38.75,16762108,17.86
20130121,38.30,38.95,38.20,38.85,5561944,17.9
20130122,38.85,39.10,38.45,39.00,4343619,17.97
20130123,38.80,39.05,38.70,38.95,3720603,17.95
20130124,38.80,39.15,38.50,39.00,5816670,17.97
20130125,38.90,39.25,38.65,39.10,8601843,18.02
20140718,43.70,44.00,43.60,43.80,4474316,15.48
20140721,44.10,44.30,44.00,44.20,4318538,15.62
20140722,44.20,44.25,43.80,44.00,5007323,15.55
20140724,44.00,44.20,43.65,44.00,7529139,15.55
20140725,44.00,44.25,43.65,44.00,5741629,15.55
20140728,44.00,44.30,44.00,44.05,7068378,15.57
20140729,44.30,45.50,44.20,45.50,17122279,16.08
20140730,45.90,46.00,45.20,45.70,17744326,16.15
20140731,45.75,45.75,44.50,44.85,8821753,15.85
20140801,44.70,45.00,44.40,44.45,6425030,15.71
20140804,45.00,45.55,44.50,45.55,10532832,16.10
20140805,45.55,45.60,44.25,44.30,11884593,15.65
20140806,44.30,44.75,43.85,44.20,8088990,15.62
20140807,44.75,44.75,44.20,44.60,8293609,15.76
20140808,44.60,44.80,44.10,44.80,6494774,15.83
20140811,44.90,45.20,44.80,44.90,6094665,15.87
20140812,45.20,45.20,44.40,45.00,4468526,15.90
20140813,45.00,45.50,45.00,45.50,7214179,16.08
20140814,45.75,45.95,44.90,45.95,9013208,16.24
20140815,46.10,46.10,45.55,45.95,6059124,15.37
20140818,45.95,46.20,45.55,45.60,8459463,15.25
20140819,46.00,46.35,45.85,46.30,12410142,15.48
20140820,46.40,47.00,46.05,47.00,11028397,15.72
20140821,47.20,47.50,46.80,47.50,14538470,15.89
20140822,47.70,49.55,47.60,49.55,25596261,16.57
20140825,49.55,49.55,48.10,48.30,11137634,16.15
20140826,48.15,48.45,47.90,48.40,5255478,16.19
20140827,48.40,48.60,48.00,48.30,8404219,16.15
20140828,48.15,48.30,47.75,48.20,5300773,16.12
20140829,47.80,48.10,47.50,47.50,5881146,15.89
20140901,47.50,48.50,47.50,48.50,6054804,16.22
20140902,48.40,48.40,47.00,47.10,6887280,15.75
20140903,47.20,47.95,47.20,47.75,6575211,15.97
20140904,47.70,47.90,47.35,47.90,3383810,16.02
20140905,47.55,47.90,47.25,47.30,5878611,15.82
20140909,47.50,47.70,47.40,47.65,4984394,15.94
20140910,47.50,47.50,46.35,47.10,7442311,15.75
20140911,47.10,47.50,46.55,47.15,4319087,15.77
20140912,47.50,47.50,46.10,46.10,7045004,15.42
20140915,46.30,47.00,46.20,46.75,6526609,15.64
20140916,47.00,47.10,46.30,46.30,3934104,15.48
20140917,47.00,47.45,46.80,47.30,8762139,15.82
20140918,47.50,47.50,46.65,46.70,6052601,15.62
20140919,46.90,47.45,46.50,46.95,6958307,15.70
20140922,46.80,46.80,45.60,45.80,7691234,15.32
20140923,45.95,46.00,45.45,45.45,6296553,15.20
20140924,45.45,46.80,45.35,46.70,10221791,15.62
20140925,47.00,47.00,45.60,45.85,6367436,15.33
20140926,45.40,45.60,45.10,45.30,8267454,15.15
20140929,45.80,45.80,44.95,45.00,8710255,15.05
20140930,45.10,45.60,44.80,45.30,6356453,15.15
20141001,45.50,45.50,44.70,44.80,6935048,14.98
20141002,44.55,44.70,44.10,44.70,6821593,14.95
20141003,44.80,45.30,44.40,45.10,4027202,15.08
20141006,45.25,45.25,44.50,44.80,5088008,14.98
20141007,44.80,45.00,44.35,44.75,5823823,14.97
20141008,44.75,45.60,44.50,45.35,6417131,15.17
20141009,45.50,46.15,45.40,46.00,6783681,15.38
20141013,45.00,45.40,44.80,44.80,4828127,14.98
20141014,44.80,45.40,44.80,45.15,3348053,15.10
20141015,45.35,46.15,44.60,45.50,9272329,15.22
20141016,45.50,45.95,45.00,45.50,5632851,15.22
20141017,45.70,45.70,45.00,45.25,8128119,15.13
20141020,45.55,45.95,45.50,45.55,1821523,15.23
20141021,45.80,45.90,45.40,45.40,2765048,15.18
20141022,45.80,45.95,45.50,45.55,4032854,15.23
20141023,45.55,45.85,45.50,45.75,2951832,15.30
20141024,46.00,46.05,45.50,45.75,2492525,15.30
20141027,45.90,46.00,45.70,45.85,2728200,15.33
20141028,46.20,47.25,46.20,47.10,7571595,15.75
20141029,47.20,47.20,46.20,46.75,4864155,15.64
20141030,46.55,46.65,46.20,46.45,5094695,15.54
20141031,46.60,46.90,46.10,46.45,3737620,15.54
20141103,46.90,46.95,46.30,46.80,2826755,15.65
20141104,46.95,47.20,46.30,46.30,3989968,15.48
20141105,46.65,46.65,46.10,46.30,3456118,15.48
20141106,46.40,46.65,46.00,46.05,4266324,15.40
20141107,46.05,46.30,45.60,45.65,6423625,15.27
20141110,45.60,46.65,45.55,46.20,5583586,15.45
20141111,46.60,46.85,45.95,45.95,6021024,15.37
20141112,45.40,45.90,45.40,45.65,6571859,15.27
20141113,45.70,45.70,45.40,45.65,4101687,15.27
20141114,45.50,45.50,45.00,45.00,7020382,15.05
20141117,45.40,45.40,44.40,44.60,5596639,14.92
20141118,44.60,45.20,44.50,44.95,8446336,15.55
20141119,45.50,45.60,44.80,44.80,10007259,15.50
20141120,45.40,46.05,45.05,46.00,5258075,15.92
20141121,45.95,46.00,45.25,45.30,8145721,15.67
20141124,45.60,46.40,45.55,46.15,8462944,15.97
20141125,46.15,46.20,45.50,45.50,5408562,15.74
20141126,45.80,45.80,45.30,45.30,5327681,15.67
20141127,45.35,45.80,45.30,45.35,3894128,15.69
20141128,45.35,45.70,45.30,45.45,4139472,15.73
20141201,45.00,45.60,44.90,45.20,5308487,15.64
20141202,45.15,45.50,44.90,45.35,5517898,15.69
20141203,45.45,45.45,44.90,45.20,6329521,15.64
20141204,45.00,45.70,45.00,45.15,7435299,15.62
20141205,45.50,45.60,45.10,45.35,2737144,15.69
20141208,45.75,45.75,45.30,45.60,2316077,15.78
20141209,45.70,45.70,45.05,45.25,6296487,15.66
20141210,45.05,45.20,44.60,44.85,8471237,15.52
20141211,45.00,45.00,44.50,44.50,11720132,15.40
20141212,44.50,44.55,44.15,44.20,10610835,15.29
20141215,44.05,44.05,43.25,43.45,11473441,15.03
20141216,43.40,44.10,43.40,43.40,10378256,15.02
20141217,43.30,43.30,41.55,41.55,19989232,14.38
20141218,41.85,42.25,41.75,42.00,14297740,14.53
20141219,42.50,42.60,41.90,42.30,11834946,14.64
20141222,42.10,42.70,42.10,42.45,10178682,14.69
20141223,42.85,42.90,42.60,42.90,5534577,14.84
20141224,43.00,43.10,42.70,42.95,6636330,14.86
20141225,43.00,43.15,42.75,43.15,4366832,14.93
20141226,43.10,43.10,42.90,43.00,5465845,14.88
20141229,43.00,43.90,43.00,43.40,7228871,15.02
20141230,43.50,43.85,43.20,43.55,3357578,15.07
20141231,43.45,43.60,43.00,43.40,6291182,15.02
20150105,43.40,43.40,42.80,43.00,2842933,14.88
20150106,42.50,42.60,42.10,42.25,7654419,14.62
20150107,42.25,42.55,41.85,42.10,8719024,14.57
20150108,42.25,42.65,42.10,42.25,8697776,14.62
20150109,42.30,42.60,41.80,41.80,10494129,14.46
20150112,41.60,41.70,40.60,40.75,14743805,14.10
20150113,40.70,41.40,40.50,41.30,9078712,14.29
20150114,41.30,41.70,40.90,41.30,10408761,14.29
20150115,41.30,41.70,41.15,41.45,7820632,14.34
20150116,41.45,41.65,41.00,41.45,13346241,14.34
20150119,41.70,42.25,41.55,41.70,9378707,14.43
20150120,41.70,42.00,41.35,41.80,9046317,14.46
20150121,42.00,42.10,41.50,41.60,9839094,14.39
20150122,41.60,42.15,41.55,42.00,7736900,14.53
20150123,42.30,42.30,42.05,42.25,6099711,14.62
20150126,42.25,42.50,42.05,42.50,4801173,14.71
20150127,42.65,42.70,42.50,42.70,5134639,14.78
20150128,42.50,42.95,42.50,42.95,5952553,14.86
20150129,42.70,42.75,42.10,42.10,8902479,14.57
20150130,42.45,42.90,42.30,42.60,10361097,14.74
20150202,42.60,42.80,42.30,42.75,3475137,14.79
20150203,42.95,42.95,42.50,42.50,5587123,14.71
20150204,42.00,42.60,42.00,42.25,6580244,14.62
20150205,42.25,42.35,42.15,42.20,5067369,14.60
20110124,31.90,31.90,31.30,31.70,5421333,14.74
20110125,31.60,31.85,31.40,31.50,8162569,14.65
20110126,31.70,31.80,31.45,31.55,6101671,14.67
20110127,31.75,31.90,31.45,31.45,12523905,14.63
20110128,31.50,31.75,31.25,31.35,12368325,14.58
20110208,31.50,31.50,30.00,30.15,34420197,14.02
20110209,30.20,30.40,29.95,30.10,20918272,14.00
20110210,30.10,30.25,29.70,29.85,22195172,13.88
20110211,30.25,30.25,29.70,29.70,16834620,13.81
20110214,29.90,29.90,29.60,29.80,16381041,13.86
20110215,29.60,30.40,29.30,30.20,21827091,14.05
20110216,30.00,30.30,29.90,30.20,15232366,14.05
20110217,30.20,30.20,29.80,30.05,9048892,13.98
20110218,30.40,30.45,30.20,30.25,10940781,14.07
20110221,30.40,30.85,30.05,30.60,14919085,14.23
20110222,30.10,30.20,29.80,30.00,15701722,13.95
20110223,29.80,30.10,29.55,29.55,12136271,13.74
20110224,29.95,29.95,29.30,29.35,13888668,13.65
20110225,29.65,29.65,29.35,29.40,7750979,13.67
20110301,29.40,29.60,29.35,29.45,15334511,13.70
20110302,29.45,30.30,29.40,29.65,15894314,13.79
20110303,29.80,31.25,29.80,31.00,17872920,14.42
20110304,31.10,31.40,31.00,31.35,18247391,14.58
20110307,31.30,31.35,30.80,31.20,7550566,14.51
20110308,31.10,31.65,31.10,31.45,13293637,14.63
20110309,31.60,31.65,31.30,31.60,7870791,14.70
20110310,31.60,31.60,31.25,31.40,4332116,14.60
20110311,30.80,31.20,30.80,30.95,4322488,14.40
20110314,33.00,33.00,31.55,31.75,24011361,14.77
20110315,31.80,31.95,29.70,30.90,15740510,14.37
20110316,30.90,31.45,30.90,31.10,17057918,14.47
20110317,30.60,31.65,30.55,31.45,9294537,14.63
20110318,31.70,32.20,31.35,32.10,18572160,14.93
20110321,32.20,32.50,31.80,32.20,10807794,14.98
20110322,32.50,32.50,32.10,32.45,12466082,15.09
20110323,32.50,33.90,32.45,33.45,42969114,15.56
20110324,33.90,34.10,33.25,33.35,23068891,15.51
20110325,33.60,33.85,33.50,33.50,20344906,15.58
20110328,33.80,34.35,33.55,34.00,31432452,15.81
20110329,34.50,35.75,34.40,35.50,49634213,16.51
20110330,35.80,36.10,35.50,36.00,38511058,16.74
20110331,36.10,36.20,35.30,35.50,24910351,16.51
20110401,35.50,36.40,35.45,36.30,23967580,16.88
20110406,37.00,37.00,35.95,36.45,33306759,16.95
20110407,36.50,36.55,35.70,36.40,24395920,16.93
20110408,36.40,37.80,36.40,37.35,38282701,17.37
20110411,37.60,37.60,36.85,37.60,15316220,17.49
20110412,37.50,37.50,36.10,36.65,24845013,17.05
20110413,36.65,36.90,36.20,36.90,21700636,17.16
20110414,37.00,38.30,36.90,37.70,29646622,17.53
20110415,38.00,38.00,37.20,37.25,18504146,17.33
20110418,37.30,37.60,37.00,37.30,18609708,17.35
20110419,36.80,37.65,36.60,37.55,19409627,17.47
20110420,38.10,40.15,38.00,40.15,47709928,18.67
20110421,41.10,41.40,39.90,40.35,33416838,18.77
20110422,40.40,40.40,39.30,39.65,15726041,18.44
20110425,39.80,40.40,39.80,40.00,10346675,18.6
20110426,40.00,40.95,39.75,40.35,19642366,18.77
20110427,41.00,42.90,40.75,42.60,40080222,19.81
20110428,42.80,42.90,41.20,41.55,28118723,19.33
20110429,41.50,41.95,40.65,41.95,25265628,19.51
20110503,41.80,42.10,39.90,40.05,33917299,17.57
20110504,40.20,40.85,39.10,40.85,22337228,17.92
20110505,40.70,40.70,39.85,39.85,28159109,17.48
20110506,39.00,39.35,38.10,38.70,33834476,16.97
20110509,38.70,40.20,38.50,39.85,38783598,17.48
20110510,39.85,39.90,39.20,39.60,12526209,17.37
20110511,40.00,40.40,39.60,39.65,18428425,17.39
20110512,39.60,39.85,39.35,39.70,9649090,17.41
20110513,40.00,40.80,39.55,39.60,16595900,17.37
20110516,39.60,40.30,39.35,39.75,15237281,17.43
20110517,40.00,40.00,39.15,39.40,12114247,17.28
20110518,39.60,39.60,38.55,38.80,22933113,17.02
20110519,38.80,39.30,38.40,38.60,28773766,16.93
20110520,38.85,38.85,38.10,38.65,11603345,16.95
20110523,38.10,38.45,37.50,37.95,14627515,16.64
20110524,38.00,38.30,37.75,38.20,15415531,16.75
20110525,38.20,39.10,37.95,39.00,12528077,17.11
20110526,39.85,39.85,39.10,39.40,11122866,17.28
20110527,39.40,39.70,39.00,39.30,13494507,17.24
20110530,39.80,42.05,39.50,41.60,42536229,18.25
20110531,42.00,42.00,41.05,41.70,21409858,18.29
20110601,41.10,41.85,41.10,41.40,16419752,18.16
20110602,41.00,41.85,41.00,41.75,10376058,18.31
20110603,41.95,42.00,41.40,41.60,5936990,18.25
20110607,41.60,42.10,41.55,42.10,8034523,18.46
20110608,41.70,42.10,41.05,41.25,9874411,18.09
20110609,40.95,41.15,39.95,40.05,13558602,17.57
20110610,40.60,40.75,39.80,39.80,10379761,17.46
20110613,39.60,40.30,39.40,39.85,7630649,17.48
20110614,40.00,40.75,39.80,40.50,8519416,17.76
20110615,40.55,41.80,40.50,41.25,26208013,18.09
20110616,41.00,41.50,40.80,41.05,10725968,18.00
20110617,41.25,41.45,40.40,40.50,10639534,17.76
20120109,34.90,34.95,34.30,34.45,16054893,13.73
20120110,34.70,35.50,34.60,35.50,14655412,14.14
20120111,35.80,36.20,35.65,36.00,17062410,14.34
20120112,36.00,36.30,35.70,36.20,19847816,14.42
20120113,36.50,36.75,36.10,36.20,13384026,14.42
20120116,36.30,36.40,35.05,35.35,8621845,14.08
20120117,35.55,36.00,35.30,36.00,6316805,14.34
20120118,36.30,36.30,35.35,36.25,11304235,14.44
20120130,37.10,37.75,37.10,37.35,21980230,14.88
20120131,37.10,37.35,36.55,36.90,15149921,14.70
20120201,36.95,37.05,36.15,36.30,10801709,14.46
20120202,36.50,37.10,36.30,37.00,9729316,14.74
20120203,36.95,36.95,36.30,36.50,15368109,14.54
20120204,36.90,37.30,36.60,36.95,12912134,14.72
20120206,36.90,36.90,36.20,36.40,10934322,14.50
20120207,36.20,36.80,36.10,36.10,16681835,14.38
20120208,36.30,36.50,35.95,36.15,20824438,14.40
20120209,36.20,36.80,35.65,36.35,42842571,14.48
20120210,36.55,37.35,36.40,37.25,42478816,14.84
20120213,37.70,38.15,37.65,37.95,32478264,15.12
20120214,37.85,37.85,36.45,36.70,20790774,14.62
20120215,36.50,37.05,36.40,36.95,13878590,14.72
20120216,37.00,37.20,36.70,36.90,30929769,14.70
20120217,37.20,37.75,36.90,37.15,15812377,14.80
20120220,37.80,38.15,37.60,37.85,27495541,15.08
20120221,38.00,38.00,37.30,37.60,13769202,14.98
20120222,37.65,37.80,37.30,37.75,14256589,15.04
20120223,37.70,37.70,37.10,37.60,14218547,14.98
20120224,37.60,37.60,37.00,37.20,16893236,14.82
20120229,37.60,37.90,37.40,37.75,13576117,15.04
20120301,37.90,37.90,37.25,37.25,10077822,14.84
20120302,37.50,37.50,37.10,37.20,11218008,14.82
20120303,37.20,37.20,36.75,37.00,4582102,14.74
20120305,37.10,37.30,36.50,36.65,9494733,14.60
20120306,36.40,36.65,35.00,35.55,20153727,14.16
20120307,35.00,35.80,35.00,35.55,8110775,14.16
20120308,35.85,35.85,35.50,35.80,6068111,14.26
20120309,35.95,35.95,35.55,35.85,8376278,14.28
20120312,35.90,35.90,35.10,35.10,9196045,13.98
20120313,35.25,35.55,35.20,35.25,9740108,14.04
20120314,35.50,35.75,34.95,35.25,15128552,14.04
20120315,35.00,35.30,35.00,35.15,11447438,14.00
20120316,35.50,36.00,35.15,36.00,10096074,14.34
20120319,36.00,36.10,35.20,35.50,5763892,14.14
20120320,35.90,35.90,35.10,35.10,7331027,13.98
20120321,35.10,35.40,35.00,35.15,10428100,14.00
20120322,35.50,35.50,35.15,35.45,16128528,14.12
20120323,35.50,35.50,35.10,35.25,12190714,14.04
20120326,35.20,35.20,33.75,34.00,29633739,13.55
20120327,34.00,34.25,33.80,34.20,22006838,13.63
20120328,34.75,34.80,34.20,34.60,7629255,13.78
20120329,34.60,34.60,33.95,34.40,10831296,13.71
20120330,34.40,34.55,34.00,34.55,6666636,13.76
20120402,34.50,34.55,33.90,34.20,15055260,14.68
20120403,34.30,34.60,33.95,34.40,12344876,14.76
20120405,33.75,34.55,33.75,34.25,25191111,14.70
20120406,34.35,34.80,34.10,34.50,7955744,14.81
20120409,34.10,35.20,34.00,34.50,10376551,14.81
20120410,34.65,35.25,34.65,34.85,8338836,14.96
20120411,34.75,35.15,34.60,34.85,14270920,14.96
20120412,35.10,35.25,34.65,35.20,10229919,15.11
20120413,35.40,35.80,35.00,35.80,9458071,15.36
20120416,35.60,35.75,35.25,35.60,3067578,15.28
20120417,35.75,35.80,35.10,35.10,6841441,15.06
20120418,35.80,35.80,35.20,35.80,8149318,15.36
20120419,35.80,36.10,35.60,36.00,8541001,15.45
20120420,36.10,36.10,35.30,35.40,4507171,15.19
20120423,35.50,35.50,35.00,35.10,3934855,15.06
20120424,34.85,35.20,34.85,34.90,5658552,14.98
20120425,34.80,34.80,34.50,34.50,8463645,14.81
20120426,34.85,34.85,34.00,34.30,7327894,14.72
20120427,34.30,34.50,33.75,33.85,9551879,14.53
20120430,34.15,34.85,33.80,34.85,5861262,14.96
20120502,34.85,35.60,34.85,35.55,12505123,15.26
20120503,35.55,35.90,35.45,35.65,7243671,15.04
20120504,34.85,36.00,34.85,35.95,10135016,15.17
20120507,35.70,35.70,35.05,35.35,6669322,14.92
20120508,35.65,35.65,35.00,35.05,5312423,14.79
20120509,34.80,35.10,34.60,35.00,5439901,14.77
20120510,34.95,35.15,34.65,35.05,8205202,14.79
20120511,35.05,35.05,34.30,34.45,8371346,14.54
20120514,34.30,34.45,34.00,34.00,6151107,14.35
20120515,34.00,34.00,32.75,32.75,25065908,13.82
20120516,32.75,32.75,32.30,32.30,13820255,13.63
20120517,32.80,32.80,32.35,32.65,8509451,13.78
20120518,32.15,32.15,31.60,32.00,14894306,13.5
20120521,32.00,32.50,31.90,32.45,3627820,13.69
20120522,32.75,32.75,32.50,32.70,3691310,13.8
20120523,32.30,33.00,31.90,32.90,6145223,13.88
20120524,32.70,32.75,32.40,32.70,6782289,13.8
20120525,32.55,32.95,32.50,32.50,3865901,13.71
20120528,32.35,32.75,32.35,32.55,4002190,13.73
20120529,32.95,34.45,32.75,34.20,9138590,14.43
20120530,34.00,34.70,33.25,34.65,14758245,14.62
20120531,34.00,34.70,33.75,33.75,18873137,14.24
20120601,33.60,34.10,33.30,33.65,6551999,14.2
20120604,32.90,33.80,32.80,33.15,7350338,13.99
20120605,33.35,33.60,33.05,33.20,6673900,14.01
20120606,33.55,34.20,33.35,34.15,6313652,14.41
20120607,34.60,34.65,34.30,34.50,4563706,14.56
20120608,34.50,34.60,33.90,34.50,6174288,14.56
20120611,34.50,34.95,34.15,34.45,8290287,14.54
20120612,33.90,34.45,33.75,34.40,8241000,14.51
20120613,34.55,34.60,34.00,34.00,6984948,14.35
20120614,33.85,34.50,33.85,34.00,6023911,14.35
20120615,34.00,34.60,34.00,34.60,8413918,14.6
20120618,35.00,35.60,35.00,35.35,8734964,14.92
20120619,35.35,35.40,34.95,35.30,4543903,14.89
20120620,35.50,35.70,35.10,35.45,6183411,14.96
20120621,35.40,35.50,35.00,35.00,2960340,14.77
20120622,34.75,34.90,34.50,34.60,3567534,14.6
20120625,35.10,35.10,34.15,34.25,4165091,14.45
20120626,34.00,34.65,34.00,34.65,6303302,14.62
20120627,34.65,35.10,34.30,34.90,4139222,14.73
20120628,35.00,35.30,34.85,35.20,7589802,14.85
20120629,34.90,35.35,34.90,35.35,7372756,14.92
20120702,34.10,35.70,34.10,35.10,9260980,14.81
20120703,35.60,36.25,35.40,36.15,14937161,15.25
20120704,36.25,36.30,36.05,36.20,7013417,15.27
20120705,35.70,35.90,35.40,35.90,8502914,15.15
20120706,36.00,36.30,35.80,36.30,8956752,15.32
20130128,39.10,39.55,38.90,39.25,7214023,18.09
20130129,39.40,39.60,39.30,39.60,6611802,18.25
20130130,39.60,39.80,39.20,39.80,8017680,18.34
20130131,39.80,40.00,39.75,39.90,7139650,18.39
20130201,40.15,40.20,39.85,40.05,6416577,18.46
20130204,40.05,40.60,39.90,40.45,11539633,18.64
20130205,40.45,40.45,39.65,39.75,12299585,18.32
20130206,40.20,40.20,39.15,39.15,9161149,18.04
20130218,40.50,40.80,38.80,38.95,12920368,17.95
20130219,39.45,39.45,38.70,38.95,9125588,17.95
20130220,38.95,39.00,38.10,38.25,19701162,17.63
20130221,38.35,38.45,37.40,37.40,20419289,17.24
20130222,37.90,38.55,37.20,38.25,13082886,17.63
20130223,38.50,38.50,37.95,38.45,4043682,17.72
20130225,38.45,38.60,38.20,38.20,8422869,17.6
20130226,38.00,38.20,37.80,37.85,6240627,17.44
20130227,37.90,38.40,37.70,38.05,8088396,17.53
20130301,38.35,38.90,38.15,38.85,8099416,17.9
20130304,38.85,38.85,38.10,38.60,11140334,17.79
20130305,38.50,38.70,38.05,38.60,6487640,17.79
20130306,38.60,38.75,38.40,38.60,6429125,17.79
20130307,38.40,38.50,38.30,38.30,4782486,17.65
20130308,38.30,39.05,38.30,38.95,4710117,17.95
20130311,38.80,38.85,38.20,38.30,5671625,17.65
20130312,38.20,38.40,37.85,38.15,4543336,17.58
20130313,38.50,38.65,38.15,38.50,3309613,17.74
20130314,38.15,38.15,37.30,37.40,11637149,17.24
20130315,37.60,37.70,36.65,36.65,10128955,16.89
20130318,36.65,36.65,36.05,36.20,11454314,16.68
20130319,36.50,37.05,36.25,36.75,7144924,16.94
20130320,36.75,36.90,36.35,36.50,9292012,16.82
20130321,36.50,36.90,36.35,36.50,9104464,16.82
20130322,36.40,36.60,36.40,36.45,7471752,16.80
20130325,36.50,36.65,36.40,36.45,4245623,16.80
20130326,36.50,37.15,36.45,36.85,5990336,16.98
20130327,36.65,37.10,36.65,37.10,6166657,17.10
20130328,37.40,37.40,36.80,36.80,4673770,16.96
20130329,37.50,37.55,36.90,37.50,3556536,17.28
20130401,37.50,37.65,37.45,37.55,3385120,17.30
20130402,37.45,38.10,37.20,37.85,5184772,18.11
20130403,38.00,38.40,37.85,38.40,4703491,18.37
20130408,37.90,38.05,37.50,37.50,7518154,17.94
20130409,37.50,38.05,37.40,37.75,6662303,18.06
20130410,38.00,38.25,37.50,37.75,6664799,18.06
20130411,37.75,38.15,37.35,38.00,6110238,18.18
20130412,38.00,38.40,37.75,38.00,6048169,18.18
20130415,38.00,38.40,38.00,38.40,5802736,18.37
20130416,37.70,38.50,37.70,38.45,5424230,18.40
20130417,38.45,38.45,38.00,38.40,7063206,18.37
20130418,38.20,38.60,37.85,38.05,7896843,18.21
20130419,38.05,38.60,38.00,38.40,5254299,18.37
20130422,39.55,40.10,39.25,39.35,11089205,18.83
20130423,39.40,39.50,38.70,38.75,3338850,18.54
20130424,39.15,39.30,38.90,39.30,4731532,18.80
20130425,39.30,39.30,38.70,39.00,4284671,18.66
20130426,38.60,39.20,38.60,38.90,3155822,18.61
20130429,38.90,39.00,38.70,38.70,2968865,18.52
20130430,38.90,39.25,38.80,39.20,4661788,18.76
20130502,39.05,39.05,38.50,38.50,6069136,18.42
20130503,38.50,38.80,38.00,38.30,7901345,18.33
20130506,38.65,38.70,38.45,38.45,3800977,18.40
20130507,38.55,38.60,38.25,38.40,3594122,18.37
20130508,38.30,38.85,38.30,38.70,8218638,18.52
20130509,38.70,39.15,38.70,39.15,8582130,18.73
20130510,39.10,39.20,38.95,39.20,3247960,18.76
20130513,39.10,39.15,38.65,38.65,1908910,18.49
20130514,38.70,39.15,38.70,39.10,4135666,18.71
20130515,39.10,39.45,38.85,39.45,4913246,18.88
20130516,39.45,39.80,39.05,39.70,8781561,19.0
20130517,39.85,39.90,39.45,39.50,6870204,18.99
20130520,39.50,39.80,39.20,39.25,4009207,18.87
20130521,39.40,39.60,39.25,39.50,3780715,18.99
20130522,39.75,39.80,39.50,39.70,3408179,19.09
20130523,39.60,39.65,39.30,39.35,6392388,18.92
20130524,39.60,39.65,38.90,39.15,4938976,18.82
20130527,39.15,39.30,39.00,39.30,3711078,18.89
20130528,39.50,39.50,39.10,39.30,2663026,18.89
20130529,39.30,39.85,39.30,39.85,3925004,19.16
20130530,39.70,39.70,38.70,38.75,6262159,18.63
20130531,38.90,39.50,38.50,39.45,14588634,18.97
20130603,38.60,38.70,38.25,38.40,8492897,18.46
20130604,38.70,38.70,38.05,38.10,6235855,18.32
20130605,38.00,38.05,37.30,37.60,10855417,18.08
20130606,37.30,37.75,37.30,37.50,5964152,18.03
20130607,37.50,37.90,37.40,37.85,4251504,18.20
20130610,38.20,38.50,38.00,38.45,5202873,18.49
20130611,38.45,38.45,38.00,38.10,6595317,18.32
20130613,38.10,38.20,37.35,37.35,12478768,17.96
20130614,37.35,37.65,37.20,37.40,6859302,17.98
20130617,37.65,38.80,37.30,37.80,4817906,18.17
20130618,37.80,37.80,37.40,37.55,9071268,18.05
20130619,37.55,37.80,37.50,37.55,8338361,18.05
20130620,37.50,37.55,37.20,37.30,10653560,17.93
20130621,36.50,37.10,35.15,35.15,26341776,16.90
20130624,35.15,35.30,34.60,34.60,18930650,16.63
20130625,34.50,34.50,33.75,33.75,19432733,16.23
20130626,34.50,34.80,33.90,34.80,17522324,16.73
20130627,35.20,35.55,34.95,35.50,9861656,17.07
20130628,35.85,36.95,35.40,36.90,12837205,17.74
20130701,36.80,37.20,36.30,37.00,7705426,17.79
20130702,37.00,37.20,35.55,35.60,15477243,17.12
20130703,35.40,36.55,35.20,36.05,13263882,17.33
20130704,35.80,36.50,35.80,36.30,4313383,17.45
20130705,36.50,36.80,36.30,36.40,6422180,17.50
20130708,36.40,36.50,35.85,36.15,4556525,17.38
20130709,36.25,36.50,36.15,36.30,5764695,17.45
20130710,36.30,37.10,36.30,36.95,9349878,17.76
20130711,37.20,37.40,37.00,37.20,8959694,17.88
20130712,37.40,37.85,37.40,37.85,9253000,18.2
20130715,37.50,38.00,37.50,38.00,7230371,18.27
20130716,38.00,38.10,37.70,38.10,5416397,18.32
20130717,38.10,38.30,37.95,38.25,7234273,18.39
20130718,38.20,38.50,38.15,38.35,8283877,18.44
20130719,38.25,38.75,38.20,38.60,8816815,18.56
20130722,38.75,38.85,38.60,38.80,8680865,18.65
20130723,38.95,39.15,38.70,39.10,15088170,18.8
20130724,39.10,39.10,38.50,38.50,11318172,18.51
20130725,36.80,37.25,36.70,36.80,13881036,17.69
20130726,37.25,37.25,36.35,36.75,7875865,17.67
20130729,36.90,37.10,36.35,36.35,5091719,17.48
20130730,37.05,37.20,36.60,37.15,7016083,17.86
20130731,37.00,37.25,36.60,36.65,7132029,17.62
20130801,37.15,37.20,36.80,37.00,4249801,17.79
20130802,37.40,37.40,36.90,37.20,4495286,17.88
20130805,37.20,37.20,36.70,36.95,4120384,17.76
20130806,36.95,36.95,36.25,36.40,7152454,17.5
20130807,36.25,37.00,36.10,36.90,7512473,17.74
20130808,36.90,37.20,36.45,37.00,6445031,17.79
20130809,37.35,37.40,36.55,36.55,7029888,17.57
20130812,37.00,38.45,36.90,38.35,18766416,18.44
20130813,38.50,38.90,38.10,38.90,16350701,18.7
20130814,38.90,39.00,38.20,38.60,9217180,18.56
20130815,38.60,38.90,37.70,38.70,8784794,18.61
20130816,38.50,39.10,38.40,38.95,12283063,18.46
20130819,39.05,39.10,38.60,38.80,8374913,18.39
20130820,38.60,38.80,38.00,38.30,6194027,18.15
20130822,37.80,39.00,37.50,39.00,14710395,18.48
20130823,39.00,39.00,38.50,38.75,4397759,18.36
20130826,39.00,39.00,38.40,38.95,3794091,18.46
20130827,38.50,38.75,38.05,38.05,5560748,18.03
20130828,37.80,38.60,37.75,38.45,6319359,18.22
20130829,38.45,38.90,38.45,38.80,4780331,18.39
20130830,38.95,39.50,38.75,39.50,18860728,18.72
20130902,39.60,39.60,39.15,39.45,8574145,18.70
20130903,39.50,39.60,38.90,39.20,5948121,18.58
20130904,39.30,39.50,38.85,39.50,7967742,18.72
20130905,39.65,39.75,39.55,39.70,8306793,18.82
20130906,39.70,39.80,39.50,39.75,7628096,18.84
20130909,39.35,39.80,39.30,39.75,6661112,18.84
20130910,39.25,40.00,39.25,40.00,11407858,18.96
20130911,39.80,40.00,39.70,40.00,11308402,18.96
20130912,40.40,40.75,40.25,40.70,13013277,19.29
20130913,40.25,40.50,40.00,40.20,7614540,19.05
20130914,40.00,40.15,39.40,39.40,4174936,18.67
20130916,39.80,41.25,39.80,41.15,13230201,19.50
20130917,41.00,41.00,40.50,40.80,9948759,19.34
20130918,41.00,41.10,40.65,40.65,8651107,19.27
20130923,40.80,42.05,40.80,41.90,16665285,19.86
20130924,41.90,42.00,41.20,41.50,8974942,19.67
20130925,41.80,41.80,41.05,41.70,11014344,19.76
20130926,41.70,41.75,41.05,41.70,11204628,19.76
20130927,41.80,43.15,41.80,43.00,21627105,20.38
20130930,43.00,43.25,41.90,42.80,15088762,20.28
20131001,43.00,43.00,41.60,41.70,8695887,19.76
20131002,41.70,42.80,41.50,42.30,10578300,20.05
20131003,42.50,43.00,42.50,42.60,8042480,20.19
20131004,42.20,43.00,42.20,43.00,8928803,20.38
20131007,42.95,42.95,42.50,42.75,7943078,20.26
20131008,43.00,43.60,42.90,43.60,9391185,20.66
20131009,43.00,43.40,42.95,43.20,8319816,20.47
20131011,43.70,43.95,42.95,43.00,6825610,20.38
20131014,43.00,44.25,43.00,43.20,7250797,20.47
20131015,43.40,43.90,43.20,43.90,7333223,20.81
20131016,43.90,44.00,43.55,43.85,3510927,20.78
20131017,44.20,44.25,43.70,43.95,3045074,20.83
20131018,44.20,44.20,43.00,43.65,4974499,20.69
20131021,43.05,43.65,43.05,43.20,2718533,20.47
20131022,43.20,43.55,42.95,43.20,4820853,20.47
20131023,43.45,43.55,42.85,42.90,4474795,20.33
20131024,42.50,42.85,42.45,42.80,3934304,20.28
20131025,42.05,42.45,41.90,42.10,4883843,19.95
20131028,42.10,42.65,41.70,42.65,4369534,20.21
20131029,41.90,42.65,41.90,42.50,3594176,20.14
20131030,42.00,42.75,42.00,42.75,5021639,20.26
20131031,42.00,42.75,42.00,42.75,6419670,20.26
20131101,43.15,43.15,42.25,42.40,4966300,20.09
20131104,42.30,42.30,41.20,41.55,5334195,19.69
20131105,41.05,41.50,41.00,41.00,5277424,19.43
20131106,41.00,41.35,40.50,40.80,7084687,19.34
20131107,40.80,41.05,40.45,41.05,6379983,19.45
20131108,40.25,41.05,40.25,41.05,4901938,19.45
20131111,40.30,41.00,40.30,41.00,5197915,19.43
20131112,40.75,41.70,40.60,41.60,8876399,19.72
20131113,42.00,42.00,40.30,41.00,7295504,19.43
20131114,40.45,41.00,40.45,41.00,4750364,19.43
20131115,41.50,42.45,41.20,42.45,9962814,20.12
20131118,42.65,43.45,42.60,43.00,9815251,17.00
20131119,43.40,44.25,43.10,43.90,17855956,17.35
20131120,43.20,43.45,42.55,42.55,14540360,16.82
20131121,42.80,42.80,42.10,42.10,10137269,16.64
20131122,42.20,42.95,42.05,42.60,10607797,16.84
20131125,43.00,44.00,42.90,43.65,16221581,17.25
20131126,43.30,45.60,43.30,43.60,34027049,17.23
20131127,44.45,45.60,44.20,45.00,25558682,17.79
20131128,45.70,46.50,45.70,46.00,13911827,18.18
20131129,46.00,46.95,46.00,46.85,13394156,18.52
20131202,46.85,46.85,46.05,46.35,7723457,18.32
20131203,46.35,46.95,46.05,46.55,13539850,18.40
20131204,46.55,46.55,46.05,46.05,7237442,18.20
20131205,46.50,46.50,45.90,46.05,9895773,18.20
20131206,45.60,45.90,44.35,44.35,14838110,17.53
20131209,45.45,45.60,44.65,44.80,9631208,17.71
20131210,45.00,45.00,44.50,45.00,6858671,17.79
20131211,45.00,45.50,44.80,45.30,8856314,17.91
20131212,45.50,46.60,45.10,46.40,16715840,18.34
20131213,46.40,46.40,45.50,45.90,7799294,18.14
20131216,45.60,45.70,44.95,44.95,8686915,17.77
20131217,45.05,45.65,44.80,44.80,6424053,17.71
20131218,45.45,45.45,44.50,44.95,7343127,17.77
20131219,45.00,45.75,45.00,45.45,7440883,17.96
20131220,45.45,46.00,45.20,45.65,8380053,18.04
20131223,45.65,46.45,45.65,45.85,8836751,18.12
20131224,45.80,45.85,45.35,45.40,5734455,17.94
20131225,45.40,45.60,45.15,45.50,4510725,17.98
20131226,45.50,45.85,45.35,45.65,3703885,18.04
20131227,45.60,46.10,45.55,45.70,6303721,18.06
20131230,46.00,46.60,45.75,46.60,10441609,18.42
20131231,46.75,46.75,45.95,46.25,5813398,18.28
20140102,45.95,46.05,45.25,45.40,8173405,17.94
20140103,45.10,45.10,44.50,44.55,9962033,17.61
20140106,44.95,44.95,43.60,43.60,11744181,17.23
20140107,43.80,44.20,43.75,44.15,11592618,17.45
20140108,44.20,44.45,43.65,43.90,18636200,17.35
20140109,44.00,44.25,42.55,42.90,21508405,16.96
20140110,42.90,43.80,42.70,43.80,12090549,17.31
20140113,44.35,44.40,43.30,43.80,10387168,17.31
20140114,43.50,44.15,43.40,44.10,8378495,17.43
20140115,44.00,45.85,44.00,44.75,15911183,17.69
20140116,45.10,45.75,43.90,44.00,16224498,17.39
20140117,44.00,44.15,43.70,43.80,15951249,17.31
20140120,44.00,44.45,43.85,44.15,7249236,17.45
20140121,44.45,44.95,44.20,44.90,10737933,17.75
20140122,44.95,45.25,44.90,45.20,10623591,17.87
20140123,45.20,45.55,44.70,45.45,13175597,17.96
20140124,45.35,45.35,44.25,45.35,9706544,17.92
20140127,44.50,44.70,44.00,44.30,13768249,17.51
20140205,42.50,42.90,41.35,42.60,20203829,16.84
20140206,42.95,43.70,42.65,43.40,12017608,17.15
20140207,43.45,44.05,43.45,43.60,10692918,17.23
20140210,43.80,44.70,43.75,44.30,10091884,17.51
20140211,44.00,45.10,43.80,44.65,7177142,17.65
20140212,45.00,45.50,44.80,45.30,8054847,17.91
20140213,44.40,45.55,44.40,45.45,7165448,17.96
20140214,45.65,45.75,45.35,45.75,13305704,18.08
20140217,45.00,46.10,45.00,46.00,10502736,18.18
20140218,45.50,46.20,45.50,46.05,4791323,18.20
20140219,46.15,46.20,45.40,45.80,5216504,18.10
20140220,45.90,46.10,45.55,45.85,6057377,18.12
20140221,46.00,46.95,45.85,46.95,12460559,18.56
20140224,46.95,46.95,46.60,46.65,5576727,18.44
20140225,46.75,48.45,46.75,47.80,11784461,18.89
20140226,47.15,48.00,47.10,47.55,8941562,18.79
20140227,47.45,48.35,47.35,48.30,7740097,19.09
20140303,48.10,48.10,46.95,47.65,11869684,18.83
20140304,47.05,47.45,46.50,46.50,8515430,18.38
20140305,46.90,47.65,46.90,47.60,6826678,18.81
20140306,47.90,48.00,47.10,47.15,5832281,18.64
20140307,47.30,47.90,46.75,47.00,5716679,18.58
20140310,46.75,47.75,46.75,47.50,7518435,18.77
20140311,47.55,47.60,46.45,46.55,7815901,18.40
20140312,46.70,47.25,46.40,47.25,5264436,18.68
20140313,47.50,47.50,46.65,47.10,3741476,18.62
20140314,46.65,47.20,46.50,47.00,4325746,18.58
20140317,47.45,47.45,46.70,47.40,3992434,18.74
20140318,47.10,47.40,47.00,47.00,4350589,18.58
20140319,47.20,47.30,46.70,46.70,4068713,18.46
20140320,46.55,46.70,46.10,46.70,6950785,18.46
20140321,46.90,46.90,45.95,45.95,7074189,18.16
20140324,45.95,46.55,45.80,46.00,6314239,18.18
20140325,46.10,47.70,46.10,47.60,8130738,18.81
20140326,47.95,47.95,47.05,47.45,5764309,18.75
20140327,46.70,47.60,46.70,47.00,4790027,18.58
20140328,47.00,47.25,46.90,47.20,7780213,18.66
20140331,47.30,47.40,47.00,47.00,6549840,18.58
20140401,47.00,47.80,47.00,47.80,6854026,18.89
20140402,47.75,48.00,47.05,47.05,9294713,17.30
20140403,47.50,48.45,47.10,47.20,12692698,17.35
20140407,47.20,47.35,46.70,47.30,16274945,17.39
20140408,47.15,47.55,46.90,46.90,11662998,17.24
20140409,47.00,47.80,47.00,47.80,6199830,17.57
20140410,48.20,49.50,48.05,49.50,18284909,18.20
20140411,49.50,49.55,48.90,49.50,9700134,18.20
20140414,49.00,49.15,47.95,48.30,9768596,17.76
20140415,49.00,49.50,48.55,48.55,10468248,17.85
20140416,48.55,49.80,48.20,48.40,8723967,17.79
20140417,48.50,48.80,48.20,48.45,5137076,17.81
20140418,48.70,49.00,48.50,49.00,2147628,18.01
20140421,48.90,49.20,48.60,49.10,2337181,18.05
20140422,49.10,49.10,48.60,48.75,3718712,17.92
20140423,48.80,49.45,48.50,48.55,6556449,17.85
20140424,48.50,48.50,48.10,48.15,5582042,17.70
20140425,48.00,48.15,46.45,46.50,9426358,17.10
20140428,46.50,47.80,46.35,47.60,10620120,17.50
20140429,47.60,48.10,47.25,47.85,7042923,17.59
20140430,47.85,48.20,47.80,47.90,7160924,17.61
20140502,47.90,48.15,47.25,47.45,5317623,17.44
20140505,47.45,47.60,46.80,46.95,4908523,17.26
20140506,46.85,47.05,46.65,46.80,5972831,17.21
20140507,46.60,46.65,46.00,46.00,14905709,16.91
20140508,46.10,46.20,45.50,45.70,12525632,16.80
20140509,45.50,45.70,44.75,45.30,13257992,16.65
20140512,44.90,45.00,44.00,44.20,13660874,16.25
20140513,44.20,44.55,43.85,44.00,21023607,16.18
20140514,44.10,44.35,43.90,44.30,17985999,16.29
20140515,44.30,45.40,44.15,45.30,10433288,16.65
20140516,45.20,45.90,45.05,45.90,12477626,16.22
20140519,45.70,45.70,44.35,44.50,15482451,15.72
20140520,44.05,45.00,43.80,44.40,15457338,15.69
20140521,44.10,44.55,43.90,44.00,14602407,15.55
20140522,44.00,44.45,43.85,44.10,18875575,15.58
20140523,43.90,44.75,43.90,44.20,17160647,15.62
20140526,44.20,44.45,43.90,44.15,14089252,15.60
20140527,44.30,45.15,44.10,45.10,8807187,15.94
20140528,45.10,45.30,44.60,44.70,12714465,15.80
20140529,44.55,45.10,44.55,44.75,9349404,15.81
20140530,44.50,45.10,44.50,44.60,10819527,15.76
20140603,44.60,45.00,44.15,44.35,10685411,15.67
20140604,44.15,44.95,44.15,44.50,8138135,15.72
20140605,44.50,45.15,44.20,45.00,10851865,15.90
20140606,45.30,46.00,45.20,46.00,9518929,16.25
20140609,46.05,46.35,45.20,46.30,10536964,16.36
20140610,45.80,46.25,45.40,46.15,12204462,16.31
20140611,45.95,45.95,45.55,45.80,6671456,16.18
20140612,45.55,45.80,45.35,45.45,3991204,16.06
20140613,45.00,45.35,44.80,44.85,8631442,15.85
20140616,44.85,45.05,44.70,44.75,5936566,15.81
20140617,45.00,45.15,44.55,44.70,11510259,15.80
20140618,44.85,45.10,44.45,45.05,13820245,15.92
20140619,45.00,45.20,44.85,45.00,6808107,15.90
20140620,45.00,45.15,44.70,44.80,8081600,15.83
20140623,44.80,44.90,44.40,44.40,7586061,15.69
20140624,44.70,45.00,44.55,45.00,3667372,15.90
20140625,45.05,45.10,44.50,44.65,6401103,15.78
20140626,44.50,44.80,44.25,44.65,7980649,15.78
20140627,44.65,44.80,44.60,44.75,4172044,15.81
20140630,44.75,45.20,44.65,45.20,4902610,15.97
20140701,45.20,46.40,45.05,46.20,12513182,16.33
20140702,46.20,46.30,45.10,45.40,12026274,16.04
20140703,45.40,45.65,45.20,45.40,12388664,16.04
20140704,45.40,45.85,45.30,45.70,11659859,16.15
20140707,45.70,45.85,45.40,45.70,6218922,16.15
20140708,45.60,45.80,45.50,45.70,5261722,16.15
20140709,45.50,45.80,45.50,45.70,8093770,16.15
20140710,45.80,46.10,45.40,45.70,14377668,16.15
20140711,45.50,45.70,45.20,45.50,10916466,16.08
20140714,45.50,45.60,45.05,45.20,9870209,15.97
20140715,45.50,45.50,45.10,45.30,15298579,16.01
20140716,45.50,46.30,45.40,46.20,25983074,16.33
20140717,44.00,44.00,43.50,43.70,22401730,15.44
20150206,42.20,42.55,42.05,42.55,3120480,14.72
20150209,42.50,42.50,42.10,42.20,3201832,14.60
20150210,42.00,42.55,41.90,42.20,7027711,14.60
20150211,42.00,42.30,41.55,41.55,7575834,14.38
20150212,41.55,42.25,41.55,42.25,5098154,14.62
20150213,41.90,42.30,41.85,42.15,4652496,14.58
20150224,42.40,42.90,42.35,42.85,11986840,14.83
20150225,42.95,43.20,42.60,42.75,7138982,14.79
20150226,43.00,43.20,42.85,42.95,8012126,14.86
20150302,43.30,43.30,42.55,42.65,5941698,14.76
20150303,42.95,43.25,42.75,43.25,6727209,14.97
20150304,43.20,43.60,43.05,43.60,6063022,15.09
20150305,43.60,43.60,43.00,43.00,4544261,14.88
20150306,43.20,43.55,42.90,43.35,4663289,15.00
20150309,43.00,43.00,42.20,42.60,8534692,14.74
20150310,42.60,42.60,42.10,42.10,6967102,14.57
20150311,41.65,41.95,41.50,41.50,10202869,14.36
20150312,41.50,42.25,41.40,42.00,8015132,14.53
20150313,42.15,42.60,42.05,42.25,5770369,14.62
20150316,42.00,42.35,41.75,41.75,5677197,14.45
20150317,41.80,42.35,41.80,41.85,4360207,14.48
20150318,41.90,42.60,41.85,42.30,5660897,14.64
20150319,42.55,43.20,42.35,43.05,9321786,14.90
20150320,42.30,42.60,42.10,42.25,13162845,14.62
20150323,42.25,42.55,42.25,42.50,3714785,14.71
20150324,42.30,42.50,41.80,42.00,5899170,14.53
20150325,41.90,42.15,41.75,42.00,6739824,14.53
20150326,41.80,42.20,41.75,42.20,5452727,14.60
20150327,42.00,42.25,41.90,42.00,5476175,14.53
20150330,42.75,42.95,42.50,42.75,7783429,14.79
20150331,43.20,44.20,43.00,44.10,17432697,15.26
20150401,44.00,44.35,43.15,43.55,11745577,15.07
20150402,43.70,44.25,43.20,43.25,6751947,14.76
20150407,43.40,44.15,43.40,44.00,9560429,15.02
20150408,44.35,44.35,43.55,43.80,7567497,14.95
20150409,44.15,44.35,43.80,44.00,13230150,15.02
20150410,44.20,44.25,43.75,43.75,7442170,14.93
20150413,43.75,43.75,43.15,43.65,4942067,14.90
20150414,43.30,43.80,43.20,43.70,4157194,14.91
20150415,43.40,43.50,43.05,43.50,9829278,14.85
20150416,43.50,43.75,43.30,43.75,7964933,14.93
20150417,43.30,43.85,43.30,43.60,6913107,14.88
20150420,43.45,43.50,42.95,43.40,5733111,14.81
20150421,43.50,43.75,43.40,43.75,5250754,14.93
20150422,43.75,43.80,43.40,43.75,6269963,14.93
20150423,43.80,45.25,43.75,45.10,16591872,15.39
20150424,45.30,45.40,44.90,44.95,14753147,15.34
20150427,44.95,45.05,44.70,44.70,9098417,15.26
20150428,44.70,44.90,43.60,43.95,14593811,15.00
20150429,43.50,44.10,43.50,43.60,8970009,14.88
20150430,43.50,43.90,43.50,43.60,7069706,14.88
20150504,43.80,43.90,43.40,43.40,2284017,14.81
20150505,43.60,43.80,43.30,43.30,3266378,14.78
20150506,43.30,43.45,43.15,43.15,2957119,14.73
20150507,43.15,43.20,42.35,42.40,7360122,14.47
20150508,42.50,43.05,42.50,42.55,4382797,14.52
20150511,42.60,43.00,42.60,42.65,4064617,14.56
20150512,43.00,43.05,42.60,42.85,4602944,14.62
20150513,42.85,43.35,42.85,43.20,4723786,14.74
20150514,43.00,43.00,42.50,42.70,4202683,14.57
20150515,42.70,42.95,42.35,42.50,4962439,14.51
20150518,42.10,43.00,41.80,43.00,6782122,14.68
20150519,43.00,43.10,42.50,42.60,5442397,16.02
20150520,42.70,42.70,42.25,42.55,6384362,16.00
20150521,42.40,42.40,41.55,41.70,8405163,15.68
20150522,41.70,41.90,41.65,41.75,7811339,15.70
20150525,41.75,41.95,41.60,41.90,6126569,15.75
20150526,41.90,42.20,41.90,42.00,3936561,15.79
20150527,42.15,42.15,41.90,42.00,2750058,15.79
20150528,42.00,42.20,41.90,41.90,7248668,15.75
20150529,41.90,42.10,41.70,41.70,8623986,15.68
20150601,41.70,42.10,41.05,41.10,6324085,15.45
20150602,41.10,41.10,40.30,40.40,8592307,15.19
20150603,40.40,40.55,40.00,40.15,6614311,15.09
20150604,40.00,40.00,37.65,38.80,13609614,14.59
20150605,38.75,39.10,38.55,38.95,8041456,14.64
20150608,39.00,40.35,38.95,39.90,8288108,15.00
20150609,39.65,39.65,38.85,38.85,5116694,14.61
20150610,39.00,39.05,38.70,38.80,6296533,14.59
20150611,38.80,38.95,37.80,38.15,11023500,14.34
20150612,38.10,38.55,37.95,38.00,11147400,14.29
20150615,37.80,38.70,37.75,38.00,6132475,14.29
20150616,38.15,38.40,37.85,38.00,5280533,14.29
20150617,38.65,38.65,37.80,37.85,10579473,14.23
20150618,37.85,38.15,37.85,37.90,8670998,14.25
20150622,37.90,38.70,37.90,38.00,6705995,14.29
20150623,38.50,38.65,38.25,38.55,6097478,14.49
20150624,38.90,38.90,38.55,38.90,10742457,14.62
20150625,38.90,39.40,38.90,39.10,8751768,14.70
20150626,39.10,39.50,39.10,39.45,5401128,14.83
20150629,39.20,39.20,38.85,38.85,4578945,14.61
20150630,38.70,39.50,38.70,38.95,8871377,14.64
20150701,38.80,40.20,38.80,40.00,5737223,15.04
20150702,40.15,40.30,39.80,40.00,6523227,15.04
20150703,39.80,40.10,39.45,40.10,4223833,15.08
20150706,39.95,40.00,39.50,39.55,15532466,14.87
20150707,39.55,39.90,39.00,39.00,5426037,14.66
20150708,38.80,39.05,37.95,37.95,10950176,14.27
20150709,37.85,37.90,37.40,37.70,8449762,14.17
20150713,37.80,39.40,37.70,39.05,7643110,14.68
20150714,39.10,40.25,39.05,40.15,9800369,15.09
20150715,39.60,40.60,39.60,40.30,9596116,15.15
20150716,40.00,40.10,39.55,39.80,8851538,14.96
20150717,39.60,39.80,39.50,39.80,7207120,14.96
20150720,40.00,40.20,39.60,39.60,8210918,14.89
20150721,39.55,39.80,39.15,39.45,9084431,14.83
20150722,39.20,39.35,38.90,39.10,9464516,14.70
20150723,36.75,37.50,36.70,37.35,8084827,14.04
20150724,37.30,37.35,36.80,36.80,6719516,13.83
20150727,36.50,36.50,35.85,36.00,8298354,13.53
20150728,35.65,35.75,34.80,35.10,11223070,13.20
20150729,35.10,35.15,34.50,34.65,8554452,13.03
20150730,34.50,35.00,34.45,34.80,7187199,13.08
20150731,34.80,34.80,33.90,34.20,8533235,12.86
20150803,34.10,34.10,33.45,33.95,7717109,12.76
20150804,34.10,34.35,33.95,34.35,9703021,12.91
20150805,34.35,34.45,33.90,34.35,8821448,12.91
20150806,34.30,34.30,33.20,33.25,17861852,12.50
20150807,32.35,34.05,32.30,33.75,7162951,12.69
20150810,34.55,34.60,34.25,34.45,7492868,12.95
20150811,34.45,34.60,34.10,34.10,8918031,12.82
20150812,33.70,34.15,33.60,34.00,6448070,12.78
20150813,33.85,34.10,33.40,33.90,8642293,12.74
20150814,33.85,33.85,33.20,33.50,6624292,12.59
20150817,33.50,33.80,33.45,33.50,4636216,12.59
20150818,33.55,34.00,33.45,33.80,5148481,14.08
20150819,33.65,34.10,33.60,33.75,5566201,14.06
20150820,33.80,33.95,33.00,33.40,6846184,13.92
20150821,33.15,33.20,32.30,32.30,6977497,13.46
20150824,31.40,32.30,30.05,32.00,13308126,13.33
20150825,32.00,32.10,31.35,32.00,13759738,13.33
20150826,32.00,32.25,31.80,32.05,7211499,13.35
20150827,32.05,32.90,32.05,32.60,7204885,13.58
20150828,33.75,35.10,33.20,34.85,8058333,14.52
20150831,35.00,35.05,34.00,34.85,7483645,14.52
20150901,34.80,34.85,34.05,34.35,5800278,14.31
20150902,34.00,34.25,33.60,34.00,6069720,14.17
20150903,34.00,34.10,33.75,33.95,7425013,14.15
20150904,33.70,34.25,33.70,33.90,6149275,14.13
20150907,33.25,33.95,33.25,33.50,3899475,13.96
20150908,33.50,33.95,33.30,33.50,4944033,13.96
20150909,34.40,35.55,34.10,35.45,10422525,14.77
20150910,35.35,35.65,34.80,35.65,4670250,14.85
20150911,35.10,35.50,35.00,35.25,3127823,14.69
20150914,35.65,35.65,35.15,35.45,3003552,14.77
20150915,35.80,35.90,35.40,35.60,3246732,14.83
20150916,35.90,35.90,35.40,35.50,4622924,14.79
20150917,35.85,35.85,35.50,35.55,5705492,14.81
20150918,35.55,35.55,35.05,35.20,4903965,14.67
20150921,34.75,34.85,34.20,34.55,2887969,14.4
20150922,34.60,35.00,34.50,34.75,2492895,14.48
20150923,34.60,34.60,33.65,34.45,5307606,14.35
20150924,34.45,34.45,33.20,33.20,5757816,13.83
20150925,33.50,33.55,32.75,32.90,2639561,13.71
20150930,32.35,33.35,32.35,33.35,8996101,13.9
20151001,33.30,34.20,32.70,34.10,6822001,14.21
20151002,34.15,34.20,33.80,34.00,2903963,14.17
20151005,34.35,34.75,34.25,34.50,4295530,14.38
20151006,34.70,35.35,34.60,35.25,5847812,14.69
20151007,35.30,36.55,34.80,36.55,9492016,15.23
20151008,36.55,36.55,35.70,36.25,6218015,15.10
20151012,36.50,37.50,36.30,37.50,8313955,15.63
20151013,37.35,37.35,36.25,36.70,6670323,15.29
20151014,36.25,36.45,36.10,36.25,2646613,15.10
20151015,36.70,36.95,36.25,36.90,4867925,15.38
20151016,37.40,37.40,36.80,37.05,6192152,15.44
20151019,37.55,38.00,37.40,38.00,11348029,15.83
20151020,38.00,38.00,36.75,37.15,10306717,15.48
20151021,37.25,37.40,36.70,36.95,1970669,15.40
20151022,36.85,37.00,36.50,36.50,2701424,15.21
20151023,37.20,37.25,36.65,36.70,4694672,15.29
20151026,37.20,37.40,36.85,37.30,4552838,15.54
20151027,37.30,37.40,36.55,37.20,5062693,15.5
20151028,37.10,37.50,37.00,37.40,5090694,15.58
20151029,37.10,37.15,36.15,36.15,6971533,15.06
20151030,36.15,36.65,36.15,36.20,3164208,15.08
20151102,36.80,36.80,36.25,36.35,1809952,15.15
20151103,36.55,37.30,36.55,36.90,3915764,15.38
20151104,37.40,37.90,36.90,37.10,6353163,15.46
20151105,37.45,37.50,36.95,37.00,4948754,15.42
20151106,36.90,37.00,36.00,36.30,7737484,15.13
20151109,36.30,36.60,36.00,36.25,3271922,15.10
20151110,36.20,36.20,35.40,35.40,5216748,14.75
20151111,35.90,35.90,34.50,34.50,7992076,14.38
20151112,34.50,34.80,34.25,34.25,3917918,14.27
20151113,34.25,34.60,33.80,33.80,7021209,18.99
20151116,33.70,33.75,33.30,33.30,4498529,18.71
20151117,33.80,33.85,33.30,33.30,4241174,18.71
20151118,33.30,33.60,32.55,32.55,5563312,18.29
20151119,32.85,33.00,31.40,32.00,16251119,17.98
20151120,32.00,32.05,31.45,31.45,9545464,17.67
20151123,31.50,31.75,31.40,31.60,8280024,17.75
20151124,31.90,31.90,31.30,31.30,6954934,17.58
20151125,31.10,31.45,30.40,30.50,7373386,17.13
20151126,30.60,31.90,30.60,31.35,6397952,17.61
20151127,31.50,31.55,30.90,31.00,4790244,17.42
20151130,30.05,30.15,29.00,29.45,22290445,16.54
20151201,30.00,30.50,29.60,30.50,9225640,17.13
20151202,30.50,30.90,30.10,30.50,6250113,17.13
20151203,30.10,30.50,30.00,30.45,4228089,17.11
20151204,30.05,30.50,29.85,30.20,7464986,16.97
20151207,30.60,31.15,30.35,30.35,4831399,17.05
20151208,30.50,30.50,29.90,30.15,5295966,16.94
20151209,30.00,30.10,29.50,29.55,6997076,16.60
20151210,29.30,29.45,28.70,29.10,9768787,16.35
20151211,29.05,29.30,27.85,27.85,15517755,15.65
20151214,27.65,27.65,26.90,27.15,11209355,15.25
20151215,27.45,27.85,27.30,27.40,8847662,15.39
20151216,27.50,27.80,27.35,27.40,9595151,15.39
20151217,27.60,27.85,27.45,27.75,7326276,15.59
20151218,27.95,27.95,27.30,27.30,7395070,15.34
20151221,27.00,27.75,27.00,27.75,6015967,15.59
20151222,27.95,27.95,27.25,27.25,6365191,15.31
20151223,27.65,27.65,27.30,27.40,6483828,15.39
20151224,27.60,28.20,27.60,27.95,10322972,15.70
20151225,28.20,28.20,27.65,27.70,4334150,15.56
20151228,28.00,28.10,27.75,27.95,4861219,15.70
20151229,28.00,28.05,27.65,27.65,3533758,15.53
20151230,27.95,27.95,27.10,27.20,6290433,15.28
20151231,27.55,27.65,27.00,27.30,9133718,15.34
20160104,27.30,27.30,26.15,26.15,10437306,14.69
20160105,26.15,26.70,26.10,26.40,5382070,14.83
20160106,26.45,26.55,26.00,26.05,5154746,14.63
20160107,26.30,27.60,26.25,27.35,20289500,15.37
20160108,27.25,27.30,26.70,27.00,11915555,15.17
20160111,26.50,26.55,25.75,26.00,11756679,14.61
20160112,26.20,26.25,26.00,26.10,5331895,14.66
20160113,26.20,26.75,26.20,26.75,6281863,15.03
20160114,26.20,26.75,26.00,26.75,7947189,15.03
20160115,26.65,26.90,26.15,26.90,10040814,15.11
20160118,26.50,26.90,26.25,26.60,7044076,14.94
20160119,26.55,26.60,26.30,26.50,3365090,14.89
20160120,26.20,26.25,25.85,26.10,9593481,14.66
20160121,26.25,26.30,25.85,25.85,4485935,14.52
20160122,26.00,26.15,25.60,25.65,6341786,14.41
20160125,25.85,26.00,25.75,25.85,6261270,14.52
20160126,25.65,25.75,25.45,25.50,3984798,14.33
20160127,25.60,25.75,25.50,25.50,3831138,14.33
20160128,25.50,26.00,25.50,25.85,5532164,14.52
20160129,25.85,26.80,25.80,26.60,7902753,14.94
20160130,26.80,27.30,26.70,27.30,4457746,15.34
20160201,27.20,27.25,26.65,27.25,5883078,15.31
20160202,27.10,27.10,26.85,26.85,6132945,15.08
20160203,26.75,26.85,26.25,26.60,6229080,14.94
20160215,26.80,27.35,26.60,27.05,5715396,15.20
20160216,27.30,28.25,27.30,28.25,9610907,15.87
20160217,28.30,28.30,27.65,28.15,5705677,15.81
20160218,28.35,29.05,28.15,29.05,9042899,16.32
20160219,29.00,29.10,28.60,29.10,6014685,16.35
20160222,29.30,29.80,29.10,29.30,4990988,16.46
20160223,29.40,29.45,28.95,29.30,4597205,16.46
20160224,29.30,29.50,29.05,29.20,7527146,16.40
20160225,29.30,29.60,29.25,29.50,5468195,16.57
20160226,29.80,30.30,29.70,30.00,7803412,16.85
20160301,29.90,30.00,29.35,29.85,16744279,16.77
20160302,29.90,30.25,29.80,29.95,6946679,16.83
20160303,29.95,30.40,29.75,30.40,8345280,17.08
20160304,30.40,30.45,29.65,29.75,10628429,16.71
20160307,29.75,30.45,29.75,30.45,10646670,17.11
20160308,30.60,30.75,30.10,30.60,11296082,17.19
20160309,30.45,30.45,29.90,29.95,6986002,16.83
20160310,30.00,30.70,30.00,30.70,8444242,17.25
20160311,30.60,30.65,30.30,30.40,4142929,17.08
20160314,30.85,30.85,30.40,30.70,6404386,17.25
20160315,30.70,30.70,29.95,30.10,6872822,16.91
20160316,30.20,30.40,29.95,30.40,5770212,17.08
20160317,30.70,30.85,30.40,30.85,7100772,17.33
20160318,31.05,31.60,31.05,31.60,17233849,17.75
20160321,31.75,31.95,31.10,31.65,4783923,17.78
20160322,31.75,32.10,31.25,32.10,5614200,18.03
20160323,31.85,32.00,31.40,31.60,4875505,17.75
20160324,31.60,31.60,30.85,30.85,12414840,17.33
20160325,31.00,31.50,30.95,31.30,4173806,17.58
20160328,31.20,31.40,30.90,31.35,3285004,17.61
20160329,31.00,31.30,30.35,30.70,4509946,17.25
20160330,30.85,31.45,30.85,31.25,5571784,17.56
20160331,31.30,31.50,31.00,31.50,8967429,17.70
20160401,30.85,31.05,30.40,30.80,5973561,19.74
20160406,30.40,30.50,30.00,30.00,7673379,19.23
20160407,30.00,30.30,29.30,29.85,7114308,19.13
20160408,29.75,30.20,29.45,30.20,9656406,19.36
20160411,29.40,30.20,29.40,30.20,5677983,19.36
20160412,30.20,30.60,29.90,30.50,5679663,19.55
20160413,30.60,31.60,30.55,31.60,13086226,20.26
20160414,31.70,33.25,31.70,33.00,25875557,21.15
20160415,33.10,33.85,32.50,33.55,12931841,21.51
20160418,33.95,35.00,33.25,33.95,9634724,21.76
20160419,34.00,34.10,33.40,33.50,6091233,21.47
20160420,34.15,34.20,32.60,32.85,7401150,21.06
20160421,33.20,33.50,32.85,33.50,6886014,21.47
20160422,33.50,33.55,33.00,33.10,3896026,21.22
20160425,33.00,33.50,33.00,33.20,2871499,21.28
20160426,33.25,33.50,32.75,32.95,3850041,21.12
20160427,32.75,33.30,32.70,33.00,4844395,21.15
20160428,33.45,33.60,32.80,33.25,6301468,21.31
20160429,32.80,33.10,32.45,32.90,6002725,21.09
20160503,33.00,33.00,32.40,32.65,5007366,20.93
20160504,32.00,32.35,30.45,31.00,12164122,19.87
20160505,30.40,31.10,30.40,30.80,9546128,19.74
20160506,30.50,31.00,30.15,30.70,6430243,19.68
20160509,30.30,30.70,30.00,30.00,5539471,19.23
20160510,29.80,30.40,29.70,30.20,6695646,19.36
20160511,30.40,30.55,29.60,29.65,6439671,19.01
20160512,29.50,29.80,29.45,29.70,3242925,19.04
20160513,29.40,29.55,28.80,29.00,6331183,20.57
20160516,28.60,28.75,28.30,28.60,5113153,20.28
20160517,28.65,29.15,28.40,29.00,7754507,20.57
20160518,28.50,28.80,28.25,28.50,7216600,20.21
20160519,28.40,28.45,27.55,27.70,11062502,19.65
20160520,27.80,28.45,27.70,28.30,7791850,20.07
20160523,28.30,29.20,27.60,28.80,8061643,20.43
20160524,29.00,29.15,28.80,28.90,4966406,20.50
20160525,29.50,29.50,28.90,29.25,5094740,20.74
20160526,29.25,29.40,28.85,29.30,4266685,20.78
20160527,29.40,29.45,29.20,29.45,3583194,20.89
20160530,29.30,29.85,29.20,29.65,3290573,21.03
20160531,29.70,30.05,29.20,30.05,19882895,21.31
20160601,30.00,30.20,29.65,29.90,4660171,21.21
20160602,29.90,30.10,29.80,30.00,5759975,21.28
20160603,30.10,30.70,30.05,30.70,4050057,21.77
20160604,30.70,30.90,30.50,30.60,1669790,21.70
20160606,30.95,30.95,29.90,29.95,4256085,21.24
20160607,30.40,31.45,30.40,31.30,8770491,22.20
20160608,31.30,31.65,31.15,31.60,5833268,22.41
20160613,31.60,31.95,31.20,31.50,6848307,22.34
20160614,31.45,31.75,31.15,31.30,4053170,22.20
20160615,31.30,32.55,31.30,32.20,8364820,22.84
20160616,32.00,32.00,30.60,30.65,10466081,21.74
20160617,30.95,31.90,30.95,31.90,9654795,22.62
20160620,32.20,32.40,31.90,32.20,4382406,22.84
20160621,32.20,32.50,32.15,32.50,6919844,23.05
20160622,32.50,32.75,32.10,32.75,5687278,23.23
20160623,32.70,32.70,31.90,31.95,3766262,22.66
20160624,32.30,32.40,31.20,31.50,8351458,22.34
20160627,31.05,31.65,31.05,31.50,2219826,22.34
20160628,31.00,31.90,30.85,31.85,2785373,22.59
20160629,31.80,31.95,31.45,31.50,4891161,22.34
20160630,31.55,32.05,31.35,32.05,7812886,22.73
20160701,32.50,32.70,32.20,32.65,10537924,23.16
20160704,32.70,33.65,32.65,33.65,12407965,23.87
20160705,33.70,34.35,33.55,33.95,13226714,24.08
20160706,33.95,33.95,32.80,33.10,10258417,23.48
20160707,33.10,34.15,33.10,34.10,10125131,24.18
20160711,34.70,35.10,34.30,35.10,20745207,24.89
20160712,35.10,35.10,34.50,34.80,8345835,24.68
20160713,34.95,35.10,34.70,35.00,10472583,24.82
20160714,35.00,35.10,34.80,35.05,6410562,24.86
20160715,35.00,35.50,34.85,35.25,10945807,25.00
20160718,35.30,35.50,35.05,35.50,8945221,25.18
20160719,35.55,35.75,35.40,35.60,10196350,25.25
20160720,35.60,36.00,35.25,35.30,10448434,25.04
20160721,35.45,35.65,35.35,35.50,12280999,25.18
20160722,35.45,35.95,34.65,34.85,12495110,24.72
20160725,33.90,34.15,33.45,34.10,10395954,24.18
20160726,34.10,34.10,33.60,33.75,4199417,23.94
20160727,34.00,34.05,33.75,34.05,2911286,24.15
20160728,33.95,34.10,33.65,34.10,5224710,24.18
20160729,34.10,34.10,33.80,33.90,4320349,24.04
20160801,34.00,34.00,33.60,33.90,4262763,24.04
20160802,33.90,34.40,33.85,34.40,4293001,24.40
20160803,33.70,34.95,33.30,34.90,6428564,24.75
20160804,34.90,34.90,34.10,34.50,4434113,24.47
20160805,34.50,35.15,34.35,34.90,5666704,24.75
20160808,35.00,35.10,34.65,35.00,4043087,24.82
20160809,34.85,35.05,34.80,35.00,4720704,24.82
20160810,35.00,35.10,34.60,35.05,5563376,24.86
20160811,34.65,35.00,34.60,35.00,5413571,24.82
20160812,35.00,35.00,34.70,35.00,4513594,24.82
20160815,34.95,35.00,34.75,35.00,3067235,26.12
20160816,35.00,35.00,34.60,34.85,5267757,26.01
20160817,34.80,34.80,34.15,34.20,4520553,25.52
20160818,34.20,35.10,34.15,35.10,6584104,26.19
20160819,36.00,38.00,36.00,36.75,17933143,27.43
20160822,36.75,37.80,36.60,37.60,17290465,28.06
20160823,37.60,37.60,37.05,37.55,7511834,28.02
20160824,37.55,37.95,37.20,37.55,5183714,28.02
20160825,37.60,37.90,37.55,37.80,7072822,28.21
20160826,37.80,37.80,37.45,37.60,3825844,28.06
20160829,37.60,37.95,36.60,36.80,7655978,27.46
20160830,37.05,37.05,36.10,36.25,9750445,27.05
20160831,36.25,36.50,36.10,36.25,8052267,27.05
20160901,36.10,36.25,35.05,35.25,10901935,26.31
20160902,35.40,35.75,35.20,35.75,5829071,26.68
20160905,36.10,36.50,36.10,36.40,6589141,27.16
20160906,36.45,37.50,36.30,37.50,8538341,27.99
20160907,37.50,37.70,37.15,37.50,8430859,27.99
20160908,37.50,37.55,36.45,36.50,7013084,27.24
20160909,36.05,36.20,35.60,35.75,4270873,26.68
20160910,35.10,35.80,34.95,35.50,3061363,26.49
20160912,35.05,35.10,34.60,34.70,7312683,25.90
20160913,34.70,35.00,34.10,34.40,7558437,25.67
20160914,34.20,35.05,33.95,33.95,10428547,25.34
20160919,34.00,34.60,33.90,34.60,6309088,25.82
20160920,34.50,34.55,34.15,34.50,5395132,25.75
20160921,34.50,36.30,34.35,36.30,12187219,27.09
20160922,36.60,36.60,35.50,35.80,6644601,26.72
20160923,35.85,36.20,35.30,35.80,4971524,26.72
20160926,35.80,36.45,35.70,36.05,3144998,26.90
20160929,36.65,36.70,36.10,36.60,6068304,27.31
20160930,36.25,36.30,35.60,35.65,5946051,26.60
20161003,35.80,36.20,35.75,35.75,2589194,26.68
20161004,36.20,36.20,35.65,35.95,6605167,26.83
20161005,35.60,36.40,35.60,36.40,4091742,27.16
20161006,36.40,36.65,36.05,36.60,2626905,27.31
20161007,36.60,36.70,36.35,36.65,4489520,27.35
20161011,36.85,36.85,35.80,36.05,4305098,26.90
20161012,35.90,36.80,35.85,36.05,3841588,26.90
20161013,36.05,36.05,35.00,35.00,9132910,26.12
20161014,35.10,35.90,35.10,35.85,4112120,26.75
20161017,36.05,36.10,35.15,36.05,4102988,26.90
20161018,35.85,36.45,35.75,36.40,5283911,27.16
20161019,36.40,37.35,36.40,37.35,11106706,27.87
20161020,37.35,37.50,36.60,36.90,6836904,27.54
20161021,37.00,37.10,36.70,36.70,7010339,27.39
20161024,36.75,37.15,36.75,37.00,4323590,27.61
20161025,37.50,37.80,37.20,37.45,8676694,27.95
20161026,36.95,37.80,36.95,37.55,4659407,28.02
20161027,37.35,37.55,37.05,37.55,4635559,28.02
20161028,37.45,37.80,37.20,37.80,3975660,28.21
20161031,37.45,37.95,36.90,37.85,7114399,28.25
20161101,37.25,37.70,37.20,37.35,3585384,27.87
20161102,37.00,37.05,36.20,36.25,6470202,27.05
20161103,35.90,36.15,35.85,35.90,4459764,26.79
20161104,35.85,36.05,35.55,36.05,4813332,26.90
20161107,36.05,37.10,36.05,37.10,6360580,27.69
20161108,37.30,37.65,37.05,37.50,4437476,27.99
20161109,37.80,37.95,36.05,36.30,7408671,27.09
20161110,36.90,38.20,36.90,38.15,14729334,28.47
20161111,37.50,37.85,37.10,37.50,10715274,27.99
20161114,37.40,37.75,36.85,37.05,6577921,21.67
20161115,37.10,37.40,36.70,36.70,5197016,21.46
20161116,37.20,37.25,36.55,36.55,6265248,21.37
20161117,36.55,36.55,35.95,36.20,9308073,21.17
20161118,36.10,36.15,35.60,35.85,6818114,20.96
20161121,36.00,36.80,35.80,36.80,7152516,21.52
20161122,36.70,37.20,36.60,37.10,5901102,21.70
20161123,37.15,37.15,36.75,37.15,4159779,21.73
20161124,37.00,37.05,36.55,36.75,3141512,21.49
20161125,36.50,36.75,36.50,36.75,2083440,21.49
20161128,36.75,37.10,36.55,37.00,2444939,21.64
20161129,37.00,37.00,36.50,36.60,3452766,21.40
20161130,36.90,37.05,36.55,36.85,12602006,21.55
20161201,37.30,37.35,36.90,37.10,4980345,21.70
20161202,36.70,37.25,36.70,37.10,3992950,21.70
20161205,37.10,37.10,36.55,36.70,3645304,21.46
20161206,37.25,37.30,36.70,36.95,4705907,21.61
20161207,37.10,37.20,36.75,37.05,5071268,21.67
20161208,37.10,38.00,37.05,38.00,9247238,22.22
20161209,38.00,38.00,37.55,37.95,6367803,22.19
20161212,38.00,38.30,37.60,37.90,5851578,22.16
20161213,37.90,37.90,37.45,37.85,4751396,22.13
20161214,37.85,37.85,37.60,37.70,3848724,22.05
20161215,37.50,37.70,36.90,37.05,5066706,21.67
20161216,37.05,37.20,36.55,36.65,7874722,21.43
20161219,36.60,36.60,35.90,36.00,5428506,21.05
20161220,36.20,36.30,36.05,36.25,3422971,21.20
20161221,36.40,36.40,35.85,35.90,4138637,20.99
20161222,35.90,35.90,35.00,35.00,6915998,20.47
20161223,34.90,34.95,34.35,34.35,6936379,20.09
20161226,34.40,34.85,34.00,34.25,4685948,20.03
20161227,34.30,34.30,34.05,34.10,2949091,19.94
20161228,34.20,34.50,34.15,34.50,6390960,20.18
20161229,34.50,34.50,34.20,34.20,5504753,20.00
20161230,34.50,35.15,34.30,35.15,6121039,20.56
20170103,35.45,35.45,34.80,35.15,2890982,20.56
20170104,35.20,35.30,35.00,35.25,3296820,20.61
20170105,35.00,35.25,34.90,35.25,4098017,20.61
20170106,35.30,35.30,34.90,35.25,3542625,20.61
20170109,35.25,35.35,34.90,34.90,4877900,20.41
20170110,34.80,35.15,34.65,34.95,2863568,20.44
20170111,35.15,35.85,35.05,35.80,5403483,20.94
20170112,35.85,36.30,35.70,36.30,7967333,21.23
20170113,36.30,36.40,35.70,36.00,3896119,21.05
20170116,35.80,36.05,35.60,35.80,2145899,20.94
20170117,35.90,36.00,35.55,35.55,2902410,20.79
20170118,35.45,35.55,35.30,35.45,8308000,20.73
20170119,35.20,35.20,34.60,34.65,6098231,20.26
20170120,34.80,35.10,34.75,34.95,2355242,20.44
20170123,34.50,35.80,34.50,35.75,9432643,20.91
20170124,35.75,36.00,35.30,35.40,6790602,20.70
20170202,36.25,36.30,35.30,35.30,12154811,20.64
20170203,35.25,36.00,35.20,36.00,5407188,21.05
20170206,36.05,36.05,35.55,35.60,3315263,20.82
20170207,35.40,35.50,35.20,35.25,7887754,20.61
20170208,35.25,35.45,34.95,35.20,6318414,20.58
20170209,35.00,36.30,35.00,36.30,13658435,21.23
20170210,38.20,38.80,37.80,38.20,39364540,22.34
20170213,38.20,38.20,37.60,38.00,9216710,22.22
20170214,37.35,38.20,37.35,37.80,9427952,22.11
20170215,37.80,38.25,37.70,38.05,8834192,22.25
20170216,38.10,38.15,37.55,37.65,10250490,22.02
20170217,37.65,37.65,37.10,37.50,7386370,21.93
20170218,37.50,37.60,37.15,37.30,2342287,21.81
20170220,37.30,37.35,36.50,36.60,6782081,21.40
20170221,36.70,37.40,36.70,37.05,9412229,21.67
20170222,37.45,38.40,37.25,38.20,13614782,22.34
20170223,38.30,38.30,37.65,38.00,5636826,22.22
20170224,38.00,38.10,37.65,37.65,9870769,22.02
20170301,37.65,38.25,37.60,37.70,8509295,22.05
20170302,38.00,38.90,38.00,38.15,16935050,22.31
20170303,38.15,38.55,38.00,38.00,7362110,22.22
20170306,37.90,38.10,37.75,37.80,5199164,22.11
20170307,37.80,38.25,37.80,38.20,2600079,22.34
20170308,38.20,38.45,38.15,38.15,6351161,22.31
20170309,38.00,38.00,37.50,37.50,9446829,21.93
20170310,37.30,37.30,36.85,37.00,5336924,21.64
20170313,37.20,37.95,37.20,37.60,5014808,21.99
20170314,37.60,37.90,37.45,37.80,4845441,22.11
20170315,37.70,38.40,37.55,38.20,6959294,22.34
20170316,38.20,38.50,37.90,38.00,4475521,22.22
20170317,38.15,38.40,37.95,38.20,9158312,22.34
20170320,38.00,38.20,37.90,38.15,2710369,22.31
20170321,38.00,38.40,37.85,38.40,6767923,22.46
20170322,37.95,38.00,37.75,37.90,5061425,22.16
20170323,38.15,38.25,37.70,38.00,3378905,22.22
20170324,38.00,38.10,37.80,38.00,3687099,22.22
20170327,37.85,37.85,37.55,37.75,5657656,22.08
20170328,37.80,37.80,36.90,37.15,12332096,21.73
20170329,37.40,37.70,37.25,37.70,3799461,22.05
20170330,37.65,37.65,36.85,36.85,6234143,21.42
20170331,37.10,37.20,36.30,36.30,8810234,21.10
20170405,36.40,37.20,36.40,37.05,7385595,21.54
20170406,37.20,37.45,37.10,37.30,5074098,21.69
20170407,36.95,37.25,36.50,37.15,3786727,21.60
20170410,37.15,37.15,36.85,37.00,978271,21.51
20170411,37.00,37.30,36.90,36.90,3063366,21.45
20170412,37.25,37.50,36.70,36.85,4321948,21.42
20170413,36.90,37.05,36.75,36.75,2235480,21.37
20170414,36.60,36.75,36.40,36.50,2230761,21.22
20170417,36.65,36.70,36.35,36.50,2460829,21.22
20170418,36.60,36.65,36.25,36.45,3836886,21.19
20170421,36.45,37.10,35.35,35.60,15672983,20.70
20170424,35.80,37.30,35.75,36.25,10227016,21.08
20170425,36.20,36.20,35.45,35.55,11861031,20.67
20170426,35.65,35.85,35.50,35.65,9700088,20.73
20170427,35.55,35.65,35.10,35.30,8224979,20.52
20170428,35.30,35.30,35.05,35.10,6574387,20.41
20170502,35.40,35.40,35.15,35.20,5256521,20.47
20170503,35.10,35.30,35.00,35.20,3418299,20.47
20170504,35.20,35.25,35.00,35.25,4880035,20.49
20170505,35.05,35.10,34.70,34.70,5445755,20.17
20170508,34.75,34.80,34.50,34.55,6498921,20.09
20170509,34.50,34.80,34.45,34.65,3878940,20.15
20170510,34.65,34.75,34.50,34.75,3403788,20.20
20170511,34.80,35.00,34.15,34.55,6688904,20.09
20170512,34.60,34.70,34.00,34.05,7520457,19.80
20170515,34.05,34.65,34.05,34.60,3063621,18.31
20170516,34.80,35.10,34.70,35.10,8943070,18.57
20170517,34.90,34.95,34.65,34.80,4574274,18.41
20170518,34.55,34.80,34.35,34.75,1686798,18.39
20170519,34.60,34.65,34.50,34.50,2194288,18.25
20170522,34.85,34.85,34.40,34.60,1706760,18.31
20170523,34.40,34.45,34.25,34.30,2627601,18.15
20170524,34.30,34.50,34.15,34.50,3225075,18.25
20170525,34.35,34.95,34.35,34.80,6944169,18.41
20170526,34.70,34.85,34.55,34.65,4343213,18.33
20170531,34.65,34.80,34.40,34.40,7036320,18.20
20170601,34.40,34.60,34.35,34.35,4071885,18.17
20170602,34.40,34.70,34.40,34.60,3285469,18.31
20170603,34.70,34.80,34.65,34.70,871390,18.36
20170605,34.80,34.85,34.50,34.55,5060038,18.28
20170606,34.40,34.55,34.40,34.40,4886609,18.20
20170607,34.40,34.45,34.10,34.35,6623228,18.17
20170608,34.35,34.50,34.10,34.35,3366124,18.17
20170609,34.35,34.60,34.30,34.60,3501078,18.31
20170612,34.60,34.60,34.10,34.10,3753270,18.04
20170613,34.40,34.45,34.20,34.20,1897782,18.10
20170614,34.20,34.30,34.00,34.25,2578897,18.12
20170615,34.25,34.25,33.50,34.00,5056038,17.99
20170616,33.90,33.90,33.50,33.85,8693799,17.91
20170619,33.65,33.90,33.60,33.90,4634274,17.94
20170620,33.90,34.55,33.85,34.45,4460341,18.23
20170621,34.50,34.80,34.20,34.80,5779413,18.41
20170622,34.70,34.95,34.70,34.90,3543319,18.47
20170623,34.85,34.95,34.70,34.90,2651236,18.47
20170626,34.90,35.00,34.80,35.00,4250651,18.52
20170627,35.00,35.20,34.75,34.75,4452320,18.39
20170628,34.85,35.10,34.65,35.10,3812803,18.57
20170629,35.15,35.15,34.90,35.10,3932424,18.57
20170630,35.10,35.25,34.95,35.20,3950426,18.62
20170703,35.25,35.50,35.20,35.45,5449350,18.76
20170704,35.35,35.70,35.30,35.45,7472066,18.76
20170705,35.45,35.60,35.30,35.60,5218415,18.84
20170706,35.60,35.65,35.30,35.45,3186913,18.76
20170707,35.35,35.40,35.05,35.20,3060802,18.62
20170710,35.00,35.25,34.75,35.00,3189525,18.52
20170711,34.85,35.45,34.85,35.15,3119995,18.60
20170712,35.25,35.30,34.90,34.95,4054442,18.49
20170713,35.25,35.55,35.05,35.10,5349086,18.57
20170714,35.00,35.60,34.95,35.50,6123690,18.78
20170717,35.40,35.85,35.35,35.80,7368518,18.94
20170718,35.65,36.05,35.25,35.90,6824714,18.99
20170719,35.80,36.20,35.70,36.15,8661882,19.13
20170720,36.00,36.25,35.95,36.20,6439713,19.15
20170721,36.20,36.25,36.05,36.10,5270107,19.10
20170724,36.10,36.10,35.80,36.00,7869225,19.05
20170725,34.65,34.80,34.50,34.55,9072709,18.28
20170726,34.50,34.65,34.35,34.50,8839786,18.25
20170727,34.50,35.30,34.50,35.20,17033807,18.62
20170728,35.00,35.30,34.90,35.20,11896409,18.62
20170731,35.05,35.25,34.95,35.00,8912100,18.52
20170801,34.90,35.25,34.90,35.00,6311828,18.52
20170802,35.05,35.20,34.95,35.10,4709223,18.57
20170803,34.90,35.05,34.80,34.90,6781925,18.47
20170804,34.85,35.10,34.80,34.80,6443201,18.41
20170807,34.80,35.15,34.80,35.00,7885793,18.52
20170808,34.80,35.10,34.80,35.10,5382862,18.57
20170809,35.00,35.00,34.55,34.75,6535493,18.39
20170810,34.70,34.75,34.30,34.40,5734084,18.20
20170811,34.10,34.20,34.00,34.10,9189920,18.04
20170814,34.15,34.65,34.15,34.55,7005135,17.90
20170815,34.50,34.60,34.20,34.25,6330534,17.75
20170816,34.20,34.45,34.10,34.35,5435656,17.80
20170817,34.30,34.35,34.05,34.25,4394516,17.75
20170818,34.15,34.30,34.05,34.25,7295818,17.75
20170821,34.25,34.25,34.10,34.10,2353769,17.67
20170822,34.25,34.30,34.10,34.25,4707021,17.75
20170823,34.25,34.75,34.15,34.45,9287189,17.85
20170824,34.40,34.75,34.25,34.70,4320255,17.98
20170825,34.65,34.95,34.55,34.85,4441308,18.06
20170828,34.90,34.95,34.70,34.80,3578010,18.03
20170829,34.70,34.75,34.55,34.70,3364181,17.98
20170830,34.70,34.80,34.60,34.75,5243700,18.01
20170831,34.70,34.90,34.60,34.85,6698883,18.06
20170901,34.70,34.75,34.50,34.65,4098028,17.95
20170904,34.50,34.60,34.40,34.45,3281172,17.85
20170905,34.40,34.45,34.15,34.25,6737186,17.75
20170906,34.15,34.20,34.10,34.10,4335726,17.67
20170907,34.10,34.15,33.80,33.80,8073415,17.51
20170908,33.85,34.10,33.80,34.05,4167136,17.64
20170911,34.00,34.00,33.85,33.95,4425075,17.59
20170912,33.90,33.95,33.80,33.85,5221796,17.54
20170913,33.85,33.90,33.75,33.75,4557103,17.49
20170914,33.75,33.90,33.65,33.70,5554074,17.46
20170915,33.60,33.85,33.60,33.80,10337792,17.51
20170918,34.00,34.50,33.85,34.30,12690100,17.77
20170919,34.05,34.15,33.80,33.95,13942921,17.59
20170920,33.90,34.10,33.85,33.90,10624922,17.56
20170921,33.85,33.90,33.75,33.80,6009712,17.51
20170922,33.85,33.95,33.80,33.90,6641307,17.56
20170925,33.90,34.10,33.85,34.05,6548901,17.64
20170926,33.90,34.05,33.90,34.00,7144222,17.62
20170927,33.90,34.10,33.90,33.95,4358892,17.59
20170928,33.90,33.95,33.65,33.80,7011313,17.51
20170929,33.80,33.85,33.70,33.80,4506319,17.51
20170930,33.80,33.85,33.75,33.80,761927,17.51
20171002,33.80,33.85,33.65,33.65,3803348,17.44
20171003,33.70,33.75,33.65,33.70,2411654,17.46
20171005,33.65,33.80,33.65,33.80,3818480,17.51
20171006,33.80,33.85,33.70,33.75,2930778,17.49
20171011,33.95,34.20,33.90,34.00,9503497,17.62
20171012,33.90,34.05,33.80,33.90,4256541,17.56
20171013,33.85,33.95,33.70,33.75,3944986,17.49
20171016,33.85,34.00,33.70,33.85,3491566,17.54
20171017,33.90,33.90,33.75,33.90,2370225,17.56
20171018,33.95,33.95,33.75,33.80,4344694,17.51
20171019,33.75,33.85,33.70,33.75,5175271,17.49
20171020,33.70,33.90,33.55,33.90,5544845,17.56
20171023,33.70,33.90,33.70,33.80,4129404,17.51
20171024,33.65,33.75,33.50,33.55,4539778,17.38
20171025,33.50,33.60,33.50,33.50,3160308,17.36
20171026,33.55,33.65,33.45,33.45,2953836,17.33
20171027,33.50,33.65,33.40,33.45,3308600,17.33
20171030,33.50,33.55,33.45,33.45,2933919,17.33
20171031,33.40,33.75,33.40,33.50,4424791,17.36
20171101,33.65,33.65,33.50,33.60,2575942,17.41
20171102,33.60,33.80,33.60,33.60,2410203,17.41
20171103,33.60,33.70,33.60,33.70,1352829,17.46
20171106,33.65,33.75,33.50,33.70,3349093,17.46
20171107,33.65,33.70,33.40,33.40,3346840,17.31
20171108,33.50,33.60,33.40,33.50,2979585,17.36
20171109,33.60,33.65,33.45,33.50,4348717,17.36
20171110,33.50,33.70,33.35,33.55,4460138,17.38
20171113,33.60,33.70,33.50,33.65,5119785,18.39
20171114,33.65,33.75,33.55,33.65,2527525,18.39
20171115,33.95,34.95,33.95,34.70,22812777,18.96
20171116,34.80,34.85,34.25,34.30,8848867,18.74
20171117,34.50,34.75,34.50,34.65,7145532,18.93
20171120,34.50,34.80,34.20,34.20,5643344,18.69
20171121,34.25,34.55,34.25,34.35,4933093,18.77
20171122,34.35,34.70,34.30,34.70,6629869,18.96
20171123,34.50,34.85,34.35,34.50,7662588,18.85
20171124,34.40,34.75,34.35,34.55,26124974,18.88
20171127,34.60,34.60,34.25,34.40,12051257,18.80
20171128,34.20,34.25,33.60,33.60,12572523,18.36
20171129,33.65,34.00,33.65,33.90,8504909,18.52
20171130,33.90,33.95,33.55,33.55,26474022,18.33
20171201,33.90,33.90,33.55,33.70,7123033,18.42
20171204,33.60,33.95,33.55,33.95,6593409,18.55
20171205,33.90,33.95,33.60,33.95,9422890,18.55
20171206,33.90,34.65,33.80,33.80,22611757,18.47
20171207,34.00,34.15,33.85,33.90,13793636,18.52
20171208,33.95,34.05,33.70,33.80,3200243,18.47
20171211,33.90,34.10,33.70,34.10,2431644,18.63
20171212,34.10,34.10,33.70,33.90,3099372,18.52
20171213,33.90,34.10,33.80,34.10,2613981,18.63
20171214,34.10,34.20,34.05,34.10,3018536,18.63
20171215,34.10,34.10,33.65,34.00,10035129,18.58
20171218,34.05,34.10,33.85,34.10,4315751,18.63
20171219,34.15,34.60,34.00,34.45,9853266,18.83
20171220,34.45,34.70,34.35,34.55,12409979,18.88
20171221,34.50,34.70,34.45,34.55,6137501,18.88
20171222,34.55,35.30,34.50,35.15,25247556,19.21
20171225,35.30,36.25,35.10,36.15,15153859,19.75
20171226,36.10,36.50,35.95,36.40,18802178,19.89
20171227,36.10,36.45,36.00,36.20,8808450,19.78
20171228,36.10,36.25,36.00,36.20,7612103,19.78
20171229,36.20,36.80,36.10,36.45,13039478,19.92
